ID_,Title,Subtitle,Version,Genre,Genre2,BPM,Composer,Writer,Arranger,Artist,Singer,PlayTime,Tag,VersionTag,OwnBG,MVFee,License,Status,Remark,DiscLevel_EZ_NM_HD_MX_SC,UserLevel_EZ_NM_HD_MX_SC,DiscLevel_EZ_NM_HD_MX_SC,UserLevel_EZ_NM_HD_MX_SC,PlayFeeSingle,PlayFeeMultiple,Premium,RefSpeed_5K,RefSpeed_7K
1,1st-sync,_,Original,Trance,te,140,Forte_Escape,none,Forte_Escape,Kinys,none,122,1stsync,ORG,own,0,Pentavision,onair,_,2_6_10_12_99,1_6_10_15_99,2_6_10_16_99,1_6_10_18_99,0_0_0_50_50,0_0_0_50_50,0,3.5_3.5_3.5_3.5_3.5,4_4_4_4_4
2,A_．I,_,Original,Techno,te,138,Forte_Escape,none,Forte_Escape,Kinys,none,146,AI,ORG,own,0,Pentavision,onair,_,3_7_11_11_14,1_7_11_15_3,3_7_11_11_18,1_7_11_15_3,0_0_0_50_50,0_0_0_50_50,0,3.5_3.5_3.5_3.5_3.5,4_4_4_4_4
3,Again_Sunshine,_,Original,Ani_Pop,te,161,Forte_Escape,none,Forte_Escape,Kinys,none,141,Asunshine,ORG,own,0,Pentavision,onair,_,2_6_11_99_99,1_6_11_99_99,2_6_10_99_99,1_6_10_99_99,0_0_0_50_50,0_0_0_50_50,0,3_3_3_3_3,3.5_3.5_3.5_3.5_3.5
4,All_I_want,_,Original,Pop,hd,140,Wasabi_iceCream,Wasabi_iceCream,Wasabi_iceCream,none,Wasabi_iceCream,136,Alliwant,ORG,none,0,Pentavision,onair,_,2_5_10_99_99,1_5_10_99_99,2_5_10_99_99,2_5_10_99_99,0_0_0_50_50,0_0_0_50_50,0,3.5_3.5_3.5_3.5_3.5,4_4_4_4_4
5,All_of_your_love,_,Original,Modern_Dance,rh,130,Wasabi_iceCream,Wasabi_iceCream,Wasabi_iceCream,none,Wasabi_iceCream,124,Allofyourlove,ORG,none,0,Pentavision,onair,_,4_6_11_99_99,1_6_11_99_99,4_7_11_99_99,1_7_11_99_99,0_0_0_50_50,0_0_0_50_50,0,3.5_3.5_3.5_3.5_3.5,4_4_4_4_4
6,Arabian_Night,_,Original,Techno,te,130,East_Wind,none,East_Wind,none,none,121,Anight,ORG,none,0,Pentavision,onair,_,3_6_9_99_99,1_6_9_99_99,3_7_10_99_99,1_7_10_99_99,0_0_0_50_50,0_0_0_50_50,0,3.5_3.5_3.5_3.5_3.5,4_4_4_4_4
7,Astro_Fight,_,Original,Funky_Stomp,fj,183,Forte_Escape,none,Forte_Escape,ECO,none,112,ASTRO,ORG,own,0,Pentavision,onair,_,2_8_13_13_17,1_8_13_10_21,5_9_11_16_19,1_9_11_10_21,0_0_0_50_50,0_0_0_50_50,0,2.5_2.5_2.5_2.5_2.5,3_3_3_3_3
8,Aurora_Borealis,_,Original,Drum_n_Bass,te,153,Electronic_Boutique,none,Electronic_Boutique,none,none,143,Aurora,ORG,none,0,Pentavision,onair,_,4_8_11_99_99,1_8_11_99_99,4_8_11_99_99,1_8_11_99_99,0_0_0_50_50,0_0_0_50_50,0,3_3_3_3_3,3.5_3.5_3.5_3.5_3.5
9,Brave_it_out,_,Original,Aggressive_Funk,fj,124,GonZo,Harlem_Key,GonZo,Tina,Bloom,116,Braveitout,ORG,own,0,Pentavision,onair,_,2_7_10_99_99,1_7_10_99_99,3_7_10_99_99,1_7_10_99_99,0_0_0_50_50,0_0_0_50_50,0,4_4_4_4_4,4.5_4.5_4.5_4.5_4.5
10,Bright_Dream,_,Vocal,Anime_House,hd,130,M2U,捞急老,M2U,Tari&Eter,Tari,118,Brightdreamvc,ORG,own,0,Pentavision,onair,_,2_7_9_99_99,1_7_9_99_99,2_7_9_99_99,1_7_9_99_99,0_0_0_50_50,0_0_0_50_50,0,3.5_3.5_3.5_3.5_3.5,4_4_4_4_4
11,Bright_Dream,_,Instrumental,Anime_House,hd,130,M2U,none,M2U,none,none,118,Brightdreamins,ORG,none,0,Pentavision,onair,_,2_7_9_99_99,1_7_9_99_99,2_7_9_99_99,1_7_9_99_99,0_0_0_50_50,0_0_0_50_50,0,3.5_3.5_3.5_3.5_3.5,4_4_4_4_4
12,Can_we_talk,_,broken_dog_leg_mix,Acid_jazz,fj,130,Forte_Escape,Forte_Escape,Forte_Escape,none,Pyk,139,canremix,ORG,own,0,Pentavision,onair,_,3_7_10_99_99,1_7_10_99_99,3_8_10_99_99,1_8_10_99_99,0_0_0_50_50,0_0_0_50_50,0,3.5_3.5_3.5_3.5_3.5,4_4_4_4_4
13,Can_We_Talk,_,Original,Acid_Jazz,fj,125,Forte_Escape,Forte_Escape,Forte_Escape,Aqualix,Pyk,125,CanWeTalk,ORG,own,0,Pentavision,onair,_,1_3_7_10_99,1_1_7_4_99,3_6_11_12_99,1_6_11_4_99,0_0_0_50_50,0_0_0_50_50,0,4_4_4_4_4,4.5_4.5_4.5_4.5_4.5
14,Carmen_Fantasy,_,Original,Classic,cs,150,荤扼荤抛,none,WideMusic,none,none,133,CarmenFantasy,ORG,none,0,Pentavision,onair,_,2_6_10_99_99,1_6_10_99_99,3_7_10_99_99,1_7_10_99_99,0_0_0_50_50,0_0_0_50_50,0,3_3_3_3_3,3.5_3.5_3.5_3.5_3.5
15,Carmen_Toreador,_,Original,Classic,cs,151,厚力,none,WavFactory,none,none,118,CarmenToreador,ORG,none,0,Pentavision,onair,_,2_6_10_99_99,1_6_10_99_99,3_8_10_99_99,1_8_10_99_99,0_0_0_50_50,0_0_0_50_50,0,3_3_3_3_3,3.5_3.5_3.5_3.5_3.5
16,Catch_Me,_,Original,Alternative_Rock,rh,145,Forte_Escape,none,Forte_Escape,Arms,none,109,Catchme,ORG,own,0,Pentavision,onair,_,3_7_10_99_99,1_7_10_99_99,3_7_9_99_99,1_7_9_99_99,0_0_0_50_50,0_0_0_50_50,0,3.5_3.5_3.5_3.5_3.5,4_4_4_4_4
17,Celestial_Tears,_,Original,Piano_Trance,te,165,Tsukasa,none,Tsukasa,RB,none,130,Celestial,ORG,own,0,Pentavision,onair,_,99_6_10_99_99,99_6_10_99_99,99_7_10_99_99,99_7_10_99_99,0_0_0_50_50,0_0_0_50_50,0,3_3_3_3_3,3.5_3.5_3.5_3.5_3.5
18,Chains_of_Gravity,_,Original,Melodic_Trance,te,155,Tsukasa,none,Tsukasa,JAY,none,135,COG,ORG,own,0,Pentavision,onair,_,6_10_12_99_99,1_10_12_99_99,5_9_12_99_99,1_9_12_99_99,0_0_0_50_50,0_0_0_50_50,0,3_3_3_3_3,3.5_3.5_3.5_3.5_3.5
19,Chase_575,_,Original,D&B_stomp,te,170,Forte_Escape,none,Forte_Escape,Kinys,none,119,Chase575,ORG,own,0,Pentavision,onair,_,3_7_11_99_99,1_7_11_99_99,3_7_11_99_99,1_7_11_99_99,0_0_0_50_50,0_0_0_50_50,0,2.5_2.5_2.5_2.5_2.5,3_3_3_3_3
20,Cherokee,_,Original,Trance_Fusion,te,136,xxdbxx,none,xxdbxx,none,none,128,CHEROKEE,ORG,own,0,Pentavision,onair,_,3_6_11_12_13,1_6_11_32_3,3_7_11_12_14,1_7_11_32_3,0_0_0_50_50,0_0_0_50_50,0,3.5_3.5_3.5_3.5_3.5,4_4_4_4_4
21,Chrono_Breakers,_,Original,Ani_Pop,rh,178,NieN,NieN,NieN&M2U,RESS,NieN,135,ChronoBreakers,ORG,own,0,Pentavision,onair,_,2_6_10_99_99,1_3_3_99_99,2_6_10_99_99,1_3_3_99_99,0_0_0_50_50,0_0_0_50_50,0,2.5_2.5_2.5_2.5_2.5,3_3_3_3_3
22,CnP,_,Original,Electro_Funk,fj,127,CrooFE,none,CrooFE,none,none,109,Cnp,ORG,none,0,Pentavision,onair,_,2_7_10_12_99,1_7_10_20_99,3_7_11_13_99,1_7_11_20_99,0_0_0_50_50,0_0_0_50_50,0,4_4_4_4_4,4.5_4.5_4.5_4.5_4.5
23,Cool_Running,_,Original,Techno,te,106,East_Wind,none,East_Wind,none,none,101,Coolrunning,ORG,none,0,Pentavision,onair,_,3_5_9_99_99,1_5_9_99_99,3_5_9_99_99,1_5_9_99_99,0_0_0_50_50,0_0_0_50_50,0,4.5_4.5_4.5_4.5_4.5,5_5_5_5_5
24,Cosmic_Elevator,_,Original,Ani_Pop,hd,164,Forte_Escape,none,Forte_Escape,none,none,147,CosmicElevator,ORG,own,0,Pentavision,onair,_,2_6_11_99_99,1_6_11_99_99,2_7_10_99_99,1_7_10_99_99,0_0_0_50_50,0_0_0_50_50,0,3_3_3_3_3,3.5_3.5_3.5_3.5_3.5
25,Csikos_Post,_,Original,Classic,cs,160,Necke,none,WideMusic,Eyehead,none,98,Caikospost,ORG,own,0,Pentavision,onair,_,3_5_10_99_99,1_5_10_99_99,3_6_10_99_99,1_6_10_99_99,0_0_0_50_50,0_0_0_50_50,0,3_3_3_3_3,3.5_3.5_3.5_3.5_3.5
26,Damascus,_,Original,70＇s_Funky_Jazz,fj,118,makou,none,makou,none,none,139,Damascus,ORG,none,0,Pentavision,onair,_,2_7_9_99_99,1_7_9_99_99,2_7_9_99_99,1_7_9_99_99,0_0_0_50_50,0_0_0_50_50,0,4_4_4_4_4,4.5_4.5_4.5_4.5_4.5
27,Dancin＇_Planet,_,Original,Hybrid_core,rh,132,Planetboom,none,Planetboom,none,none,130,dplanet,ORG,none,0,Pentavision,onair,_,2_7_10_11_99,1_7_10_13_99,2_7_10_12_99,1_7_10_13_99,0_0_0_50_50,0_0_0_50_50,0,3.5_3.5_3.5_3.5_3.5,4_4_4_4_4
28,Detonator,_,Original,Warp_Breaks,te,160,EarBreaker,none,EarBreaker,ECO,none,132,Detonator,ORG,own,0,Pentavision,onair,_,3_7_10_12_99,1_7_10_15_99,3_8_11_12_99,1_8_11_15_99,0_0_0_50_50,0_0_0_50_50,0,3_3_3_3_3,3.5_3.5_3.5_3.5_3.5
29,Dreadnought,_,Original,Big_Beat,te,140,EarBreaker,none,EarBreaker,ECO,none,140,Dreadnought,ORG,own,0,Pentavision,onair,_,2_6_10_99_99,1_6_10_99_99,3_7_10_99_99,1_7_10_99_99,0_0_0_50_50,0_0_0_50_50,0,3.5_3.5_3.5_3.5_3.5,4_4_4_4_4
30,Dream_Of_You,_,Original,Sweet_Jazz,fj,192,makou,none,makou,Eyehead,none,133,Dreamofyou,ORG,own,0,Pentavision,onair,_,4_6_11_99_99,1_6_11_99_99,5_7_12_99_99,1_7_12_99_99,0_0_0_50_50,0_0_0_50_50,0,2.5_2.5_2.5_2.5_2.5,3_3_3_3_3
31,Elastic_Star,_,Original,Acid_House,hd,132,Forte_Escape,JC,Forte_Escape,Eyehead,So_Fly,112,ElasticSTAR,ORG,own,0,Pentavision,onair,_,1_3_6_9_99,1_3_6_9_99,3_5_9_9_99,1_5_9_9_99,0_0_0_50_50,0_0_0_50_50,0,3.5_3.5_3.5_3.5_3.5,4_4_4_4_4
32,Elastic_Star,_,UK_GarageMIx,UK_Garage,hd,132,Forte_Escape,JC,ESTi,Eyehead,So_Fly,113,ElasticSTAR,rm1,own,0,Pentavision,onair,_,2_6_8_99_99,1_6_8_99_99,3_6_9_99_99,1_6_9_99_99,0_0_0_50_50,0_0_0_50_50,0,3.5_3.5_3.5_3.5_3.5,4_4_4_4_4
33,Electro_Sensibility,_,Original,Electro,te,132,Forte_Escape,none,Forte_Escape,ECO,none,121,Electrosens,ORG,own,0,Pentavision,onair,_,2_8_11_12_99,1_8_11_12_99,3_8_11_13_99,1_8_11_99_99,0_0_0_50_50,0_0_0_50_50,0,3.5_3.5_3.5_3.5_3.5,4_4_4_4_4
34,End_of_the_Moonlight,_,Original,Techno_Pop,te,155,Forte_Escape,Forte_Escape,Forte_Escape,US,Miya,113,EndOfMoon,ORG,own,0,Pentavision,onair,_,2_4_7_12_13,1_4_7_31_11,4_7_9_12_13,1_7_9_31_11,0_0_0_50_50,0_0_0_50_50,0,3_3_3_3_3,3.5_3.5_3.5_3.5_3.5
35,Enemy_storm,_,Original,Hard_Core,rh,133,Croove,none,Croove,none,none,120,Enemystorm,ORG,own,0,Pentavision,onair,_,1_6_9_12_13,1_6_9_30_3,6_11_99_12_13,1_11_99_30_3,0_0_0_50_50,0_0_0_50_50,0,3.5_3.5_3.5_3.5_3.5,4_4_4_4_4
36,Eternal_Memory_(少女的梦),_,Original,Fantasy_Pop,hd,125,M2U,M2U,M2U,NG,Sanch,135,Boy,ORG,own,0,Pentavision,onair,_,2_6_8_99_99,1_6_8_99_99,2_6_8_99_99,1_6_8_99_99,0_0_0_50_50,0_0_0_50_50,0,4_4_4_4_4,4.5_4.5_4.5_4.5_4.5
37,Extreme_Z4,_,Original,Break_Beat,te,152,Forte_Escape,none,Forte_Escape,Kinys,none,101,Extreme,ORG,own,0,Pentavision,onair,_,1_3_7_11_99,1_1_7_20_99,3_6_10_12_99,1_6_10_20_99,0_0_0_50_50,0_0_0_50_50,0,3_3_3_3_3,3.5_3.5_3.5_3.5_3.5
38,FallenAngel,_,Original,Modern_Rock,pp,142,DJ_Mocha,DJ_Mocha,DJ_Mocha,Tari&Eter,Yujin,120,Fangel,ORG,own,0,Pentavision,onair,_,2_6_10_99_99,1_6_10_99_99,2_5_9_99_99,1_5_9_99_99,0_0_0_50_50,0_0_0_50_50,0,3.5_3.5_3.5_3.5_3.5,4_4_4_4_4
39,Fear,_,Original,DnB,te,182,酱欺部付,none,酱欺部付,Tina,none,122,Fear,ORG,own,0,Pentavision,onair,_,3_5_10_11_99,1_5_10_31_99,3_6_10_10_99,1_6_10_31_99,0_0_0_50_50,0_0_0_50_50,0,2.5_2.5_2.5_2.5_2.5,3_3_3_3_3
40,Feel,_,Original,AcidPop,pp,124,DJ_Mocha,DJ_Mocha,DJ_Mocha,NB5,Yujin,130,Feel,ORG,own,0,Pentavision,onair,_,1_5_10_99_99,1_5_10_99_99,1_5_11_99_99,1_5_11_99_99,0_0_0_50_50,0_0_0_50_50,0,4_4_4_4_4,4.5_4.5_4.5_4.5_4.5
41,Fentanest,_,Original,Spiral_Sequence,te,160,EarBreaker&eszett,none,EarBreaker&eszett,Tari&Eter,none,121,Fentanest,ORG,own,0,Pentavision,onair,_,3_6_11_99_99,1_6_11_99_99,2_7_11_99_99,1_7_11_99_99,0_0_0_50_50,0_0_0_50_50,0,3_3_3_3_3,3.5_3.5_3.5_3.5_3.5
42,Fever_GJ,_,Original,nu_HnS,hr,98,xxdbxx,xxdbxx,xxdbxx,Eyehead,Silver_Water,128,FeverGJ,ORG,own,0,Pentavision,onair,_,1_3_6_99_99,1_3_6_99_99,99_5_10_99_99,99_1_10_99_99,0_0_0_50_50,0_0_0_50_50,0,5_5_5_5_5,5.5_5.5_5.5_5.5_5.5
43,For_Seasons,_,Original,Easy_listening,fj,116,makou,none,makou,Tari&Eter,none,132,Fseasons,ORG,own,0,Pentavision,onair,_,4_7_10_99_99,1_7_10_99_99,4_8_10_99_99,1_8_10_99_99,0_0_0_50_50,0_0_0_50_50,0,4_4_4_4_4,4.5_4.5_4.5_4.5_4.5
44,For_the_ikarus,_,Original,Ani_Pop,te,154,NieN,NieN,NieN,BAILKNIGHT,NieN,133,Ikarus,ORG,own,0,Pentavision,onair,_,4_8_10_99_99,1_8_10_99_99,5_9_11_99_99,1_9_11_99_99,0_0_0_50_50,0_0_0_50_50,0,3_3_3_3_3,3.5_3.5_3.5_3.5_3.5
45,FTR,_,Original,Electric_House,hd,140,酱欺部付,none,酱欺部付,Tari&Eter,none,146,FTR,ORG,own,0,Pentavision,onair,_,4_7_11_12_99,1_7_11_32_99,4_8_11_12_99,1_8_11_32_99,0_0_0_50_50,0_0_0_50_50,0,3.5_3.5_3.5_3.5_3.5,4_4_4_4_4
46,Funky_Chups,_,Original,Funky_Electro,fj,127,Forte_Escape,none,Forte_Escape,Eyehead,none,94,FunkyChups,ORG,own,0,Pentavision,onair,_,2_3_5_8_99,1_3_1_3_99,2_4_7_9_99,1_1_1_3_99,0_0_0_50_50,0_0_0_50_50,0,4_4_4_4_4,4.5_4.5_4.5_4.5_4.5
47,Futurism,_,Original,Electro_Fusion,te,142,Forte_Escape,none,Forte_Escape,NG,none,117,FUTURERISM,ORG,own,0,Pentavision,onair,_,2_5_10_11_99,1_5_10_30_99,3_6_10_11_99,1_6_10_30_99,0_0_0_50_50,0_0_0_50_50,0,3.5_3.5_3.5_3.5_3.5,4_4_4_4_4
48,Get_On_Top,_,Original,P-funk,fj,125,Planetboom,none,Planetboom,Eyehead,none,134,Getontop,ORG,own,0,Pentavision,onair,_,3_5_9_99_99,1_5_9_99_99,4_6_10_99_99,1_6_10_99_99,0_0_0_50_50,0_0_0_50_50,0,4_4_4_4_4,4.5_4.5_4.5_4.5_4.5
49,Getup,_,Original,2Step,hd,135,Croove,JC,Croove&Forte_Escape,Catty,So_Fly&JC,134,Getup,ORG,own,0,Pentavision,onair,_,2_6_10_99_99,1_6_10_99_99,2_8_11_99_99,1_8_11_99_99,0_0_0_50_50,0_0_0_50_50,0,3.5_3.5_3.5_3.5_3.5,4_4_4_4_4
50,Grid_System,_,Original,Trance,te,146,Tsukasa,none,Tsukasa,Kimys&ECO,none,141,Gridsystem,ORG,own,0,Pentavision,onair,_,3_8_12_99_99,1_8_12_99_99,4_8_12_99_99,1_8_12_99_99,0_0_0_50_50,0_0_0_50_50,0,3.5_3.5_3.5_3.5_3.5,4_4_4_4_4
51,Hello_christmas,_,Original,FUSION_JAZZ,fj,143,East_Wind,none,East_Wind,none,none,117,Hellowchristmas,ORG,none,0,Pentavision,onair,_,1_4_7_99_99,1_4_7_99_99,1_4_7_99_99,1_4_7_99_99,0_0_0_50_50,0_0_0_50_50,0,3.5_3.5_3.5_3.5_3.5,4_4_4_4_4
52,Hello_Pinky,_,Original,HiFi_POP,rh,141,NieN,NieN,NieN,Tari&Eter,Pink_AnnA,133,Pinky,ORG,own,0,Pentavision,onair,_,3_6_10_99_99,1_6_10_99_99,3_7_11_99_99,1_7_11_99_99,0_0_0_50_50,0_0_0_50_50,0,3.5_3.5_3.5_3.5_3.5,4_4_4_4_4
53,Hey!_there,_,Original,Acoustro_Funk,fj,127,Forte_Escape,none,Forte_Escape,Hye-ra,none,116,Hey,ORG,own,0,Pentavision,onair,_,4_6_11_99_99,1_6_11_99_99,3_7_12_99_99,1_7_12_99_99,0_0_0_50_50,0_0_0_50_50,0,4_4_4_4_4,4.5_4.5_4.5_4.5_4.5
54,Hypersonic,_,Original,Funky_Techno,te,134,xxdbxx,none,xxdbxx,BS,none,122,Hypersonic,ORG,own,0,Pentavision,onair,_,3_7_10_99_99,1_7_10_99_99,3_7_10_99_99,1_7_10_99_99,0_0_0_50_50,0_0_0_50_50,0,3.5_3.5_3.5_3.5_3.5,4_4_4_4_4
55,JBG,_,Original,Yellow_Hiphop,hr,102,Croove,JC,Croove,Eyehead,JC,129,JBG,ORG,own,0,Pentavision,onair,_,3_6_11_13_14,1_6_11_3_3,3_8_11_12_14,1_8_11_3_3,0_0_0_50_50,0_0_0_50_50,0,4.5_4.5_4.5_4.5_4.5,5_5_5_5_5
56,Jupiter_Driving,_,Original,Techno_Stock,te,144,xxdbxx,none,xxdbxx,Eyehead,none,122,Jupiter,ORG,own,0,Pentavision,onair,_,2_4_8_12_16,1_4_8_20_30,4_7_10_13_17,1_7_10_20_30,0_0_0_50_50,0_0_0_50_50,0,3.5_3.5_3.5_3.5_3.5,4_4_4_4_4
57,Knowledge_system,_,Original,Techno,te,140,Forte_Escape,none,Forte_Escape,NG,none,129,KSYSTEM,ORG,own,0,Pentavision,onair,_,3_8_11_12_99,1_8_11_30_99,3_8_12_12_99,1_8_12_30_99,0_0_0_50_50,0_0_0_50_50,0,3.5_3.5_3.5_3.5_3.5,4_4_4_4_4
58,KUDA,_,Original,Techno_Core,rh,126,GonZo,none,GonZo,NG,none,107,KUDA,ORG,own,0,Pentavision,onair,_,2_7_11_13_99,1_7_11_20_99,2_7_11_12_99,1_7_11_20_99,0_0_0_50_50,0_0_0_50_50,0,4_4_4_4_4,4.5_4.5_4.5_4.5_4.5
59,Lemonade,_,Original,Lounge_DnB,hd,195,M2U,M2U,M2U,Tari&Eter,Tari,137,Lemonade,ORG,own,0,Pentavision,onair,_,3_8_12_99_99,1_8_12_99_99,4_8_12_99_99,1_8_12_99_99,0_0_0_50_50,0_0_0_50_50,0,2.5_2.5_2.5_2.5_2.5,3_3_3_3_3
60,Let_Go,_,Original,Hip_hop,fj,102,xxdbxx,EM,xxdbxx,Panax,EM,125,Letgo,ORG,own,0,Pentavision,onair,_,2_5_9_99_11,1_5_9_99_11,3_6_10_99_12,1_6_10_99_12,0_0_0_50_50,0_0_0_50_50,0,4.5_4.5_4.5_4.5_4.5,5_5_5_5_5
61,Let`s_Go_Baby,_,Original,Hip_Hop,hr,108,3rd_Coast,JC,3rd_Coast,Miyu,JC,129,LetsGoBaby,ORG,own,0,Pentavision,onair,_,1_6_9_10_99,1_6_9_7_99,1_6_9_10_99,1_6_9_7_99,0_0_0_50_50,0_0_0_50_50,0,4.5_4.5_4.5_4.5_4.5,5_5_5_5_5
62,Light_House,_,Original,Happy_Core,te,162,xxdbxx,none,xxdbxx,ECO,none,119,Lighthouse,ORG,own,0,Pentavision,onair,_,3_7_11_13_99,1_7_11_22_99,6_9_12_12_99,1_9_12_22_99,0_0_0_50_50,0_0_0_50_50,0,3_3_3_3_3,3.5_3.5_3.5_3.5_3.5
63,Living_on_The_Beat,_,Original,Teggae,te,147,Forte_Escape,none,Forte_Escape,none,none,136,Livingon,ORG,none,0,Pentavision,onair,_,3_5_9_99_99,1_5_9_99_99,3_5_9_99_99,1_5_9_99_99,0_0_0_50_50,0_0_0_50_50,0,3.5_3.5_3.5_3.5_3.5,4_4_4_4_4
64,Long_Vacation,_,Original,School_House,hd,138,ESTi,none,ESTi,Tari,none,128,LongVacation,ORG,own,0,Pentavision,onair,_,1_4_6_99_99,1_4_6_99_99,4_6_9_99_99,1_6_9_99_99,0_0_0_50_50,0_0_0_50_50,0,3.5_3.5_3.5_3.5_3.5,4_4_4_4_4
65,Luv_Flow,_,Original,R&B_Medium,hr,115,3rd_Coast,JC,3rd_Coast,Ayamy,So_Fly,132,Luvflow,ORG,own,0,Pentavision,onair,_,1_3_7_12_99,1_1_7_31_99,2_6_11_12_99,1_6_11_31_99,0_0_0_50_50,0_0_0_50_50,0,4_4_4_4_4,4.5_4.5_4.5_4.5_4.5
66,MASAI,_,Original,New_Wave,hd,128,Croove,JC,Croove,ECO,So_Fly,126,Masai,ORG,own,0,Pentavision,onair,_,2_7_10_11_99,1_7_10_18_99,6_8_11_11_99,1_8_11_18_99,0_0_0_50_50,0_0_0_50_50,0,4_4_4_4_4,4.5_4.5_4.5_4.5_4.5
67,Memory_of_Beach,_,Original,Dance_Pop,hd,130,M2U,M2U,M2U,AP,Sanch,133,Memoryofbeach,ORG,own,0,Pentavision,onair,_,2_7_11_99_12,1_7_11_99_3,2_7_11_99_13,1_7_11_99_3,0_0_0_50_50,0_0_0_50_50,0,3.5_3.5_3.5_3.5_3.5,4_4_4_4_4
68,Mess_it_Up,_,Original,Electro_Big_Band,fj,140,Nauts_(N-Square),none,Nauts_(N-Square),Tari&Eter,none,130,Messitup,ORG,own,0,Pentavision,onair,_,4_6_11_99_14,1_6_11_99_14,5_8_12_99_15,1_8_12_99_15,0_0_0_50_50,0_0_0_50_50,0,3.5_3.5_3.5_3.5_3.5,4_4_4_4_4
69,MidNight_Blood,_,Original,Oriental_Trance,te,147,NieN,NieN,NieN,Tako_Ashin,NieN,141,Mblood,ORG,own,0,Pentavision,onair,_,3_7_12_99_99,1_7_12_99_99,4_8_12_99_99,1_8_12_99_99,0_0_0_50_50,0_0_0_50_50,0,3.5_3.5_3.5_3.5_3.5,4_4_4_4_4
70,miles,_,Original,Electro_Fusion,fj,130,Electronic_Boutique,none,Electronic_Boutique,NONE,none,129,miles,ORG,own,0,Pentavision,onair,_,2_7_11_99_15,1_7_11_99_19,2_7_11_99_17,1_7_11_99_19,0_0_0_50_50,0_0_0_50_50,0,3.5_3.5_3.5_3.5_3.5,4_4_4_4_4
71,Minimal_Life,_,Original,Techno,te,145,EarBreaker,none,EarBreaker,ECO,none,150,Minimallife,ORG,own,0,Pentavision,onair,_,3_6_11_13_99,1_6_11_20_99,3_7_11_13_99,1_7_11_20_99,0_0_0_50_50,0_0_0_50_50,0,3.5_3.5_3.5_3.5_3.5,4_4_4_4_4
72,Mojo_song,_,Original,Pop,fj,135,Wasabi_iceCream,Wasabi_iceCream,Wasabi_iceCream,none,Wasabi_iceCream,120,Mojosong,ORG,none,0,Pentavision,onair,_,2_5_9_99_99,2_5_9_99_99,3_6_10_99_99,1_6_10_99_99,0_0_0_50_50,0_0_0_50_50,0,3.5_3.5_3.5_3.5_3.5,4_4_4_4_4
73,My_Alias,_,Original,EMOCORE,fj,110,Dayz,Dayz,Dayz,Panax,JW,131,Myalias,ORG,own,0,Pentavision,onair,_,3_4_10_99_99,1_4_10_99_99,4_5_11_99_99,1_5_11_99_99,0_0_0_50_50,0_0_0_50_50,0,4.5_4.5_4.5_4.5_4.5,5_5_5_5_5
74,NB_POWER,_,Original,Ani_Rock,rh,185,NieN,NieN,NieN,ECO,shinar,126,nbvsnb,ORG,own,0,Pentavision,onair,_,99_7_12_99_99,99_7_12_99_99,99_8_13_99_99,99_8_13_99_99,0_0_0_50_50,0_0_0_50_50,0,2.5_2.5_2.5_2.5_2.5,3_3_3_3_3
75,NB_Ranger,_,Original,Scream_Funk,rh,140,M2U,none,M2U,Ponglow&ECO&Tari&NG,none,119,Nbranger,ORG,own,0,Pentavision,onair,_,2_8_11_12_99,1_8_11_12_99,4_8_12_14_99,1_8_12_12_99,0_0_0_50_50,0_0_0_50_50,0,3.5_3.5_3.5_3.5_3.5,4_4_4_4_4
76,Never_Say,_,Original,Jungle_Pop,hd,90,ND_Lee,Bean,ND_Lee,Eyehead,Yoa,122,NeverSay,ORG,own,0,Pentavision,onair,_,1_5_7_12_11,1_5_7_22_3,3_6_8_13_12,1_6_1_22_3,0_0_0_50_50,0_0_0_50_50,0,5_5_5_5_5,5.5_5.5_5.5_5.5_5.5
77,Oblivion,_,Original,Dramatic_Trance,te,141,ESTi,none,ESTi,D-myo,none,123,OBLIVION,ORG,own,0,Pentavision,onair,_,2_6_10_11_12,1_6_10_14_3,3_7_10_13_15,1_7_10_14_3,0_0_0_50_50,0_0_0_50_50,0,3.5_3.5_3.5_3.5_3.5,4_4_4_4_4
78,ON,_,Original,2step_slow,hr,72,ND_Lee,Bean,ND_Lee,RB,ND_Lee,131,ON,ORG,own,0,Pentavision,onair,_,2_4_7_99_99,1_4_7_99_99,4_6_9_99_99,1_6_9_99_99,0_0_0_50_50,0_0_0_50_50,0,5_5_5_5_5,5.5_5.5_5.5_5.5_5.5
79,One_Sided_Love,_,Original,Love_Pop,pp,90,Electronic_Boutique,none,Electronic_Boutique,Kaho,none,131,OneSidedLove,ORG,own,0,Pentavision,onair,_,2_5_10_99_99,1_5_10_99_99,2_6_10_99_99,1_6_10_99_99,0_0_0_50_50,0_0_0_50_50,0,5_5_5_5_5,5.5_5.5_5.5_5.5_5.5
80,One_The_Love,_,Original,Beer_House,hd,125,xxdbxx,xxdbxx,xxdbxx,Eyehead,Miuki,133,onethelove,ORG,own,0,Pentavision,onair,_,1_4_6_10_99,1_4_1_10_99,4_5_10_10_99,1_5_10_10_99,0_0_0_50_50,0_0_0_50_50,0,4_4_4_4_4,4.5_4.5_4.5_4.5_4.5
81,Out_Law,_,Original,Nu_Skool,fj,126,Croove,JC,Croove,D,JC,121,OutLaw,ORG,own,0,Pentavision,onair,_,2_6_10_12_14,1_6_10_21_15,4_7_99_12_14,1_7_99_21_15,0_0_0_50_50,0_0_0_50_50,0,4_4_4_4_4,4.5_4.5_4.5_4.5_4.5
82,Para_Q,_,Original,Drum_n_Bass,te,160,Forte_Escape,none,Forte_Escape,ECO,none,96,ParaQ,ORG,own,0,Pentavision,onair,_,4_7_10_99_99,1_7_10_99_99,5_8_99_99_99,1_8_99_99_99,0_0_0_50_50,0_0_0_50_50,0,3_3_3_3_3,3.5_3.5_3.5_3.5_3.5
83,Phantom_Of_Sky,_,Original,Fantasy_Pop,pp,115,M2U,M2U,M2U,Choi,M2U,136,Pos,ORG,own,0,Pentavision,onair,_,3_6_11_13_99,1_6_11_13_99,3_7_13_15_99,1_7_13_16_99,0_0_0_50_50,0_0_0_50_50,0,4_4_4_4_4,4.5_4.5_4.5_4.5_4.5
84,Phoenix_Virus,_,Original,Trance,te,140,M2U,none,M2U,Kinys&ECO&Eter,none,133,Phoenix,ORG,own,0,Pentavision,onair,_,4_8_11_13_99,1_8_11_13_99,4_8_12_14_99,1_8_12_14_99,0_0_0_50_50,0_0_0_50_50,0,3.5_3.5_3.5_3.5_3.5,4_4_4_4_4
85,Ray_of_Illuminati,_,Original,Euro_Dance,hd,150,ESTi,none,ESTi,Tari_Eter_Eco,none,131,Rayof,ORG,own,0,Pentavision,onair,_,2_4_7_11_14,1_4_7_15_17,5_7_10_11_16,1_7_10_15_17,0_0_0_50_50,0_0_0_50_50,0,3_3_3_3_3,3.5_3.5_3.5_3.5_3.5
86,Real_Over_Drive,_,Original,Hardcore,rh,152,NieN,NieN,NieN,Zett,none,121,Realoverdrive,ORG,own,0,Pentavision,onair,_,3_7_11_99_99,1_7_11_99_99,3_7_11_99_99,1_7_11_99_99,0_0_0_50_50,0_0_0_50_50,0,3_3_3_3_3,3.5_3.5_3.5_3.5_3.5
87,Red,_,Original,RnB,hr,128,Croove,JC,Croove,Tari&Eter,So_Fly,126,Red,ORG,own,0,Pentavision,onair,_,3_6_8_12_99,1_6_8_20_99,4_7_10_12_99,1_7_10_20_99,0_0_0_50_50,0_0_0_50_50,0,4_4_4_4_4,4.5_4.5_4.5_4.5_4.5
88,Relation_Again(ESTi`s_Remix),_,Original,Bright_Fusion,fj,135,Tsukasa&ESTi,none,ESTi,Tari&Eter,none,136,RelationAgain,ORG,own,0,Pentavision,onair,_,1_5_9_99_99,1_5_9_99_99,1_5_9_99_99,1_5_9_99_99,0_0_0_50_50,0_0_0_50_50,0,3.5_3.5_3.5_3.5_3.5,4_4_4_4_4
89,Revenge,_,Original,Hard_core,rh,120,ND_Lee,ND_Lee,ND_Lee,none,ND_Lee,125,Revenge,ORG,own,0,Pentavision,onair,_,1_6_9_12_99,1_6_9_9_99,5_7_9_14_99,1_7_9_9_99,0_0_0_50_50,0_0_0_50_50,0,4_4_4_4_4,4.5_4.5_4.5_4.5_4.5
90,River_Flow,_,Original,Groovy_Pop,fj,175,Planetboom,Planetboom,Planetboom,Ayamy,Planetboom,131,Riverflow,ORG,own,0,Pentavision,onair,_,3_6_10_99_99,1_6_10_99_99,3_6_10_99_99,1_6_10_99_99,0_0_0_50_50,0_0_0_50_50,0,2.5_2.5_2.5_2.5_2.5,3_3_3_3_3
91,Road_of_Death,_,Original,Hardcore,rh,180,NieN,NieN,NieN&M2U(Aqua_Records),necobus,NieN,130,Roadofdeath,ORG,own,0,Pentavision,onair,_,3_8_13_99_99,1_3_3_99_99,4_9_13_99_99,1_3_3_99_99,0_0_0_50_50,0_0_0_50_50,0,2.5_2.5_2.5_2.5_2.5,3_3_3_3_3
92,Rock_or_Die,_,Original,Hard_Core,rh,106,NieN,NieN,NieN&M2U,BS,NieN,106,Rockordie,ORG,own,0,Pentavision,onair,_,4_7_10_10_99,1_7_10_3_99,4_7_10_12_99,1_7_10_3_99,0_0_0_50_50,0_0_0_50_50,0,4.5_4.5_4.5_4.5_4.5,5_5_5_5_5
93,Rocka-a-doodle-doo,_,Original,Funky_Breaks,fj,135,makou,none,makou,none,none,138,Rocka,ORG,none,0,Pentavision,onair,_,4_7_11_99_99,1_7_11_99_99,5_8_12_99_99,1_8_12_99_99,0_0_0_50_50,0_0_0_50_50,0,3.5_3.5_3.5_3.5_3.5,4_4_4_4_4
94,Rolling_on_the_duck,_,Original,Hardcore,rh,180,NieN,NieN,NieN,JAY,NieN,141,Rolling,ORG,own,0,Pentavision,onair,_,3_8_12_99_99,1_8_12_99_99,4_8_12_99_99,1_8_12_99_99,0_0_0_50_50,0_0_0_50_50,0,2.5_2.5_2.5_2.5_2.5,3_3_3_3_3
95,Russian_Dance,_,Original,Classic,cs,155,Tchaikovsky,none,WideMusic,none,none,98,Russiandnc,ORG,none,0,Pentavision,onair,_,2_7_11_99_99,1_7_11_99_99,3_8_11_99_99,1_8_11_99_99,0_0_0_50_50,0_0_0_50_50,0,3_3_3_3_3,3.5_3.5_3.5_3.5_3.5
96,Samba_Samba,_,Original,Samba,fj,170,Wasabi_iceCream,Wasabi_iceCream,Wasabi_iceCream,none,Wasabi_iceCream,112,Samba,ORG,none,0,Pentavision,onair,_,3_6_9_99_99,1_6_9_99_99,3_6_10_99_99,1_6_10_99_99,0_0_0_50_50,0_0_0_50_50,0,2.5_2.5_2.5_2.5_2.5,3_3_3_3_3
97,Save_My_Dream,_,Original,Acid_Dance,hd,125,Forte_Escape,JC,Forte_Escape,Napa,So_Fly,108,SaveMyDream,ORG,own,0,Pentavision,onair,_,1_4_5_8_99,1_4_5_8_99,1_4_7_8_99,1_1_1_8_99,0_0_0_50_50,0_0_0_50_50,0,4_4_4_4_4,4.5_4.5_4.5_4.5_4.5
98,School_Someday,_,Original,Fusion,fj,125,Electronic_Boutique,none,makou,Kaho,none,132,Schoolsomeday,ORG,own,0,Pentavision,onair,_,2_5_9_99_99,1_5_9_99_99,2_5_10_99_99,1_5_10_99_99,0_0_0_50_50,0_0_0_50_50,0,4_4_4_4_4,4.5_4.5_4.5_4.5_4.5
99,Seeker,_,Original,Trance,te,150,M2U,none,M2U,Ayamy,none,137,Seeker,ORG,own,0,Pentavision,onair,_,4_10_13_99_99,1_10_13_99_99,4_10_14_99_99,1_10_14_99_99,0_0_0_50_50,0_0_0_50_50,0,3_3_3_3_3,3.5_3.5_3.5_3.5_3.5
100,SIN,_,Original,Drum_n_Bass,te,190,ESTi,none,ESTi,RESS,none,119,SIN2,ORG,own,0,Pentavision,onair,_,3_8_11_12_11,1_8_11_21_20,3_8_11_12_12,1_8_11_21_20,0_0_0_50_50,0_0_0_50_50,0,2.5_2.5_2.5_2.5_2.5,3_3_3_3_3
101,Sneakers,_,Original,FUSION,fj,100,East_Wind,none,East_Wind,none,none,106,Sneakers,ORG,none,0,Pentavision,onair,_,2_5_8_99_99,1_5_8_99_99,2_5_9_99_99,1_5_9_99_99,0_0_0_50_50,0_0_0_50_50,0,4.5_4.5_4.5_4.5_4.5,5_5_5_5_5
102,Space_of_Soul,_,Original,Symphonic_House,hd,160,M2U,捞急老,M2U,none,Ring,137,SpaceofSoul,ORG,own,0,Pentavision,onair,_,4_9_12_13_99,1_9_12_8_99,4_9_12_16_99,1_9_12_8_99,0_0_0_50_50,0_0_0_50_50,0,3_3_3_3_3,3.5_3.5_3.5_3.5_3.5
103,Spy_Girl,_,Original,Fusion,fj,160,Wasabi_iceCream,Wasabi_iceCream,Wasabi_iceCream,none,Wasabi_iceCream,113,Spygirl,ORG,none,0,Pentavision,onair,_,3_5_10_99_99,1_6_10_99_99,4_6_11_99_99,1_6_11_99_99,0_0_0_50_50,0_0_0_50_50,0,3_3_3_3_3,3.5_3.5_3.5_3.5_3.5
104,Starfish,_,Original,Techno_Core,rh,150,Planetboom,Planetboom,Planetboom,Tari&Eter,Planetboom,131,Starfish,ORG,own,0,Pentavision,onair,_,3_7_10_99_99,1_7_10_99_99,2_7_10_99_99,1_7_10_99_99,0_0_0_50_50,0_0_0_50_50,0,3_3_3_3_3,3.5_3.5_3.5_3.5_3.5
105,Stars_in_your_eyes,_,Original,Astro_jazz,fj,100,bermei_inazawa,ryorca,bermei_inazawa,nineteen,bermei_inazawa&ryorca,149,Stars,ORG,own,0,Pentavision,onair,_,2_5_9_99_99,1_5_9_99_99,3_5_9_99_99,1_5_9_99_99,0_0_0_50_50,0_0_0_50_50,0,4.5_4.5_4.5_4.5_4.5,5_5_5_5_5
106,Sunny_side,_,Original,Bright_RnB,hr,112,Croove,JC,Croove,TIV,So_Fly,148,Sunnyside,ORG,own,0,Pentavision,onair,_,2_6_9_11_99,1_6_9_13_99,2_7_9_11_99,1_7_9_13_99,0_0_0_50_50,0_0_0_50_50,0,4.5_4.5_4.5_4.5_4.5,5_5_5_5_5
107,Super_Lovely,_,Original,Euro_Beat,te,170,EarBreaker,none,EarBreaker,Soryu,none,124,Superlovely,ORG,own,0,Pentavision,onair,_,4_9_12_13_99,1_9_12_20_99,5_9_12_14_99,1_9_12_20_99,0_0_0_50_50,0_0_0_50_50,0,2.5_2.5_2.5_2.5_2.5,3_3_3_3_3
108,Tammuz,_,Original,Trance,te,140,Forte_Escape,none,Forte_Escape,ECO,none,148,Tammuz,ORG,own,0,Pentavision,onair,_,2_7_9_99_99,1_7_9_99_99,3_8_9_99_99,1_8_9_99_99,0_0_0_50_50,0_0_0_50_50,0,3.5_3.5_3.5_3.5_3.5,4_4_4_4_4
109,Temptation,_,Original,2Step_Garage,hd,136,S-TRO,S-TRO,FE_&_Croove,Eyehead,Borami,133,temptation,ORG,own,0,Pentavision,onair,_,3_7_10_99_99,1_7_10_99_99,4_8_10_99_99,1_8_10_99_99,0_0_0_50_50,0_0_0_50_50,0,3.5_3.5_3.5_3.5_3.5,4_4_4_4_4
110,Too_Fast,_,Original,Dance_Hip,hr,107,Forte_Escape,Forte_Escape,Forte_Escape,onieye,Petite_HMJ,128,TooFast,ORG,own,0,Pentavision,onair,_,2_6_8_11_99,1_6_8_30_99,2_5_8_11_99,1_1_1_30_99,0_0_0_50_50,0_0_0_50_50,0,4.5_4.5_4.5_4.5_4.5,5_5_5_5_5
111,Triple_Zoe,_,Original,Progressive_Rock,rh,150,Forte_Escape,none,Forte_Escape,ECO,none,135,TRIPLE,ORG,own,0,Pentavision,onair,_,3_7_11_12_99,1_7_11_17_99,3_7_12_12_99,1_7_12_17_99,0_0_0_50_50,0_0_0_50_50,0,3_3_3_3_3,3.5_3.5_3.5_3.5_3.5
112,Urban_Night,_,Original,Urban_House,fj,124,Electronic_Boutique,none,Electronic_Boutique,Tina,none,128,Unight,ORG,own,0,Pentavision,onair,_,2_5_10_99_99,1_5_10_99_99,2_5_10_99_99,1_5_10_99_99,0_0_0_50_50,0_0_0_50_50,0,4_4_4_4_4,4.5_4.5_4.5_4.5_4.5
113,Vanish_Lady,_,Original,Electro_Funk,fj,145,Electronic_Boutique,none,Electronic_Boutique,none,none,138,Vlady,ORG,none,0,Pentavision,onair,_,4_8_11_99_99,1_8_11_99_99,4_8_11_99_99,1_8_11_99_99,0_0_0_50_50,0_0_0_50_50,0,3.5_3.5_3.5_3.5_3.5,4_4_4_4_4
114,V-BOB,_,Original,Big_Band,fj,150,Forte_Escape,none,Forte_Escape,Tari,none,110,VBOB,ORG,own,0,Pentavision,onair,_,3_7_9_99_99,1_7_9_99_99,2_7_9_99_99,1_7_9_99_99,0_0_0_50_50,0_0_0_50_50,0,3_3_3_3_3,3.5_3.5_3.5_3.5_3.5
115,Virgin,_,Original,Rock,rh,120,Ban_Claf,none,Ban_Claf,none,none,121,Virgin,ORG,none,0,Pentavision,onair,_,3_7_11_99_99,1_7_11_99_99,3_7_11_99_99,1_7_11_99_99,0_0_0_50_50,0_0_0_50_50,0,4_4_4_4_4,4.5_4.5_4.5_4.5_4.5
116,WeirdPistol,_,Original,Break_Beat,rh,122,Forte_Escape,none,Forte_Escape,none,none,117,WeirdPistol,ORG,own,0,Pentavision,onair,_,2_6_11_99_99,1_6_11_99_99,3_7_11_99_99,1_7_11_99_99,0_0_0_50_50,0_0_0_50_50,0,4_4_4_4_4,4.5_4.5_4.5_4.5_4.5
117,Ya!_Party!,_,Original,Candy_Pop,fj,194,Forte_Escape,none,Forte_Escape,Tari&Eter,none,101,YAPARTY,ORG,own,0,Pentavision,onair,_,2_5_11_12_99,1_5_11_20_99,2_6_11_12_99,1_6_11_20_99,0_0_0_50_50,0_0_0_50_50,0,2.5_2.5_2.5_2.5_2.5,3_3_3_3_3
118,Yellowberry,_,Original,Lounge_jazz,fj,161,Forte_Escape,Forte_Escape,Forte_Escape,Tari,Miya,107,Yellowberry,ORG,none,0,Pentavision,onair,_,2_5_10_99_99,1_5_10_99_99,3_7_10_99_99,1_7_10_99_99,0_0_0_50_50,0_0_0_50_50,0,3_3_3_3_3,3.5_3.5_3.5_3.5_3.5
119,Yo_Creo_Que_Si,_,Original,Calypso_house,fj,135,makou,none,makou,ECO,none,141,YoCreoQueSi,ORG,own,0,Pentavision,onair,_,4_7_12_99_99,1_7_12_99_99,3_7_12_99_99,1_7_12_99_99,0_0_0_50_50,0_0_0_50_50,0,3.5_3.5_3.5_3.5_3.5,4_4_4_4_4
120,Yomax,_,Original,HipHop,hr,72,ND_Lee,Bean,ND_Lee,Sonar,ND_Lee,105,Yomax,ORG,own,0,Pentavision,onair,_,3_5_8_99_99,1_5_8_99_99,1_6_9_99_99,1_6_9_99_99,0_0_0_50_50,0_0_0_50_50,0,5_5_5_5_5,5.5_5.5_5.5_5.5_5.5
121,钢琴协奏曲第1号,_,Original,Classic,cs,156,瞒捞内橇胶虐,none,WavFactory,none,none,122,Chai,ORG,own,0,Pentavision,onair,_,4_7_11_12_99,1_7_11_32_99,3_8_11_12_99,1_8_11_32_99,0_0_0_50_50,0_0_0_50_50,0,3_3_3_3_3,3.5_3.5_3.5_3.5_3.5
122,葛莫扎特40号交响曲第一章,_,Original,Classic,cs,135,葛楼福飘,none,辫芒绕,none,none,112,SYMPHONY40,ORG,none,0,Pentavision,onair,_,3_6_10_99_13,1_6_10_99_5,3_7_10_99_13,1_7_10_99_5,0_0_0_50_50,0_0_0_50_50,0,3.5_3.5_3.5_3.5_3.5,4_4_4_4_4
123,海顿小号协奏曲快板_3,_,Original,Classic,cs,150,窍捞电,none,WideMusic,none,none,112,Trumpet,ORG,none,0,Pentavision,onair,_,2_6_10_99_99,1_6_10_99_99,3_7_10_99_99,1_7_10_99_99,0_0_0_50_50,0_0_0_50_50,0,3_3_3_3_3,3.5_3.5_3.5_3.5_3.5
124,美丽晨光,_,Original,80s_8bit,hd,150,ND_Lee,pd_han,ND_Lee,D-myo,Miya,137,Morning,ORG,own,0,Pentavision,onair,_,2_5_7_11_99,1_5_1_3_99,2_6_9_12_99,1_6_9_3_99,0_0_0_50_50,0_0_0_50_50,0,3_3_3_3_3,3.5_3.5_3.5_3.5_3.5
125,四季-夏_第三乐章,_,Original,Classic,cs,150,厚惯叼,none,WavFactory,ECO,none,133,Summer3,ORG,own,0,Pentavision,onair,_,3_9_12_99_99,1_9_12_99_99,3_9_12_99_99,1_9_12_99_99,0_0_0_50_50,0_0_0_50_50,0,3_3_3_3_3,3.5_3.5_3.5_3.5_3.5
126,土耳其进行曲,_,Original,Classic,cs,140,葛楼福飘,none,Roy_Music,none,none,143,TURKEY,ORG,none,0,Pentavision,onair,_,3_7_11_99_14,1_7_11_99_20,3_7_11_99_15,1_7_11_99_20,0_0_0_50_50,0_0_0_50_50,0,3.5_3.5_3.5_3.5_3.5,4_4_4_4_4
127,微风祈愿,_,Original,R&B_Fantasy,hr,108,Forte_Escape,Forte_Escape,Forte_Escape,Tako_Ashin,Miya,108,Baram,ORG,own,0,Pentavision,onair,_,2_3_6_7_99,1_1_1_3_99,2_6_99_8_99,1_6_99_3_99,0_0_0_50_50,0_0_0_50_50,0,4.5_4.5_4.5_4.5_4.5,5_5_5_5_5
128,微风祈愿(Live_ver),_,Original,ROCK,rh,210,Forte_Escape,Forte_Escape,Forte_Escape,NG&BS,Miya,147,Baramlive,ORG,none,0,Pentavision,onair,_,3_7_9_12_14,1_7_9_20_20,4_8_11_16_11,4_8_11_20_20,0_0_0_50_50,0_0_0_50_50,0,2_2_2_2_2,2.5_2.5_2.5_2.5_2.5
129,仲夏夜之梦,_,Original,Classic,cs,126,膏胆胶粮,none,WideMusic,none,none,124,SummerDream,ORG,none,0,Pentavision,onair,_,4_8_11_99_99,1_8_11_99_99,5_9_11_99_99,1_9_11_99_99,0_0_0_50_50,0_0_0_50_50,0,4_4_4_4_4,4.5_4.5_4.5_4.5_4.5
130,WUHA,_,Original,C_Pop,pp,126,毕国勇,林夕,毕国勇,PAPA,潘玮柏,139,WUHA,ORG,none,0,SNDA,onair,_,3_5_10_99_99,1_5_10_99_99,4_6_11_99_99,1_5_10_99_99,0_0_0_50_50,0_0_0_50_50,0,4_4_4_4_4,4.5_4.5_4.5_4.5_4.5
131,太刺激_2007,_,Original,Humor,pp,124,司文,徐琦,司文,Name.RED,司文,160,TCJ,ORG,none,0,SNDA,onair,_,2_6_10_99_99,1_1_1_99_99,3_7_11_99_99,1_1_1_99_99,0_0_0_50_50,0_0_0_50_50,0,4_4_4_4_4,4.5_4.5_4.5_4.5_4.5
132,英仙座_Remix,_,Original,Trance,te,143,金镇,none,金镇,PAPA,none,153,Perseus,ORG,none,0,SNDA,onair,_,1_6_10_99_99,1_1_1_99_99,2_7_12_99_99,1_1_1_99_99,0_0_0_50_50,0_0_0_50_50,0,3.5_3.5_3.5_3.5_3.5,4_4_4_4_4
133,樱雪座,_,Original,Trance,te,155,金镇,none,金镇,PAPA,none,134,yxz,ORG,none,0,SNDA,onair,_,3_7_12_99_99,1_1_1_99_99,4_8_15_99_99,1_1_1_99_99,0_0_0_50_50,0_0_0_50_50,0,3_3_3_3_3,3.5_3.5_3.5_3.5_3.5
134,桜華月,_,Original,Trance,te,155,AKITO,none,AKITO,None,none,134,Sakura,ORG,own,0,SNDA,onair,_,3_7_12_99_99,1_1_1_99_99,4_8_15_99_99,1_1_1_99_99,0_0_0_50_50,0_0_0_50_50,0,3_3_3_3_3,3.5_3.5_3.5_3.5_3.5
135,终结孤单,_,Original,C_Pop,pp,200,阿信,阿信,阿信,PAPA,五月天,138,eol,ORG,none,0,SNDA,onair,_,4_7_11_99_99,1_7_11_99_99,3_7_13_99_99,1_7_12_99_99,0_0_0_50_50,0_0_0_50_50,0,2_2_2_2_2,2.5_2.5_2.5_2.5_2.5
136,1st,_,Original,Rock,pp,116,冠傣沥,捞犁版,冠傣沥,Eyehead,Buzz,130,1st,ORG,none,0,License,onair,_,1_5_8_99_99,1_5_8_99_99,2_7_10_99_99,1_7_10_99_99,0_0_0_50_50,0_0_0_50_50,0,4_4_4_4_4,4.5_4.5_4.5_4.5_4.5
137,ANGEL,_,Original,Funky_Pop,pp,124,Jeppet,Jeppet,Jeppet,Tari,ZU,122,Angel,ORG,own,0,License,onair,_,1_6_9_99_99,1_6_9_99_99,1_7_9_99_99,1_7_9_99_99,0_0_0_50_50,0_0_0_50_50,0,4_4_4_4_4,4.5_4.5_4.5_4.5_4.5
138,Angelic_Tears,_,Original,Trance,te,146,SHIKI,none,SHIKI,Kimys&ShininG&Eter,none,135,Angelictears,ORG,own,0,License,onair,_,3_6_12_99_99,1_6_12_99_99,4_7_13_99_99,1_7_11_99_99,0_0_0_50_50,0_0_0_50_50,0,3.5_3.5_3.5_3.5_3.5,4_4_4_4_4
139,Another_Love,_,Original,K_Pop,pp,127,捞沥绕,辫柳侩,none,NONE,Tei,123,Anotherlove,ORG,none,0,License,onair,_,2_5_10_99_99,1_5_10_99_99,2_6_10_99_99,1_6_10_99_99,0_0_0_50_50,0_0_0_50_50,0,4_4_4_4_4,4.5_4.5_4.5_4.5_4.5
140,Avemaria,_,Original,Classic,cs,158,Schubert,none,blueM,none,none,115,Avemaria,ORG,none,0,License,onair,_,2_7_9_99_99,1_7_9_99_99,2_7_9_99_99,1_7_9_99_99,0_0_0_50_50,0_0_0_50_50,0,3_3_3_3_3,3.5_3.5_3.5_3.5_3.5
141,Banana_shake,_,Original,K_Pop,pp,126,捞瘤赴,Hiroaki_samura,捞瘤赴,NONE,Humming_Urban_Stereo,128,Bananashake,ORG,none,0,License,onair,_,1_6_7_99_99,1_6_7_99_99,2_6_8_99_99,1_6_8_99_99,0_0_0_50_50,0_0_0_50_50,0,4_4_4_4_4,4.5_4.5_4.5_4.5_4.5
142,BINGO,_,Original,K_Dance,pp,150,冠己柳,沥柳荐,沥柳荐,none,KOYOTE,137,BINGO,ORG,none,0,License,onair,_,3_6_10_99_99,1_6_10_99_99,3_7_10_99_99,1_7_10_99_99,0_0_0_50_50,0_0_0_50_50,0,3_3_3_3_3,3.5_3.5_3.5_3.5_3.5
143,Bin-Go,_,Original,K_Pop,pp,120,倾犁酋,Typoon,倾犁酋&炼霖康,none,后,137,Binbingo,ORG,none,0,License,onair,_,3_6_10_99_99,1_6_10_99_99,3_7_10_99_99,1_7_10_99_99,0_0_0_50_50,0_0_0_50_50,0,4_4_4_4_4,4.5_4.5_4.5_4.5_4.5
144,BobJo,_,Original,K_Pop,pp,105,捞犁铰,捞犁铰,捞犁铰,NONE,Humming_Urban_Stereo,124,bobjo,ORG,none,0,License,onair,_,2_6_9_99_99,1_6_9_99_99,2_6_9_99_99,1_6_9_99_99,0_0_0_50_50,0_0_0_50_50,0,4.5_4.5_4.5_4.5_4.5,5_5_5_5_5
145,Brand_New,_,Original,K_Pop,pp,103,冠辟怕&炼康荐,救康刮,冠霖龋,none,脚拳,125,Brandnew,ORG,none,0,License,onair,_,2_5_8_99_99,1_5_8_99_99,2_5_8_99_99,1_5_8_99_99,0_0_0_50_50,0_0_0_50_50,0,4.5_4.5_4.5_4.5_4.5,5_5_5_5_5
146,Crazy,_,Original,R&B,pp,110,辫档泅&Perry,弥碍盔,辫档泅,none,seven,127,CRAZY,ORG,none,0,License,onair,_,2_5_8_99_99,1_5_8_99_99,2_5_8_99_99,1_5_8_99_99,0_0_0_50_50,0_0_0_50_50,0,4.5_4.5_4.5_4.5_4.5,5_5_5_5_5
147,Dance_Dance,_,Original,K_Pop,pp,102,1TYM_价归版,弥癌盔,1TYM_价归版,NONE,Gummy,136,Dancedance,ORG,none,0,License,onair,_,3_7_10_99_99,1_7_10_99_99,3_7_11_99_99,1_7_11_99_99,0_0_0_50_50,0_0_0_50_50,0,4.5_4.5_4.5_4.5_4.5,5_5_5_5_5
148,Delicious_humming,_,Original,K_Pop,pp,124,捞瘤赴,NONE,捞瘤赴,NONE,Humming_Urban_Stereo,119,Delicious,ORG,none,0,License,onair,_,2_6_10_99_99,1_6_10_99_99,2_6_10_99_99,2_6_10_99_99,0_0_0_50_50,0_0_0_50_50,0,4_4_4_4_4,4.5_4.5_4.5_4.5_4.5
149,Disco_King,_,Original,Disco,pp,125,高耀太,林康绕,林康绕,none,KOYOTE,137,DiscoKing,ORG,none,0,License,onair,_,2_6_8_99_99,1_6_8_99_99,3_6_9_99_99,1_6_9_99_99,0_0_0_50_50,0_0_0_50_50,0,4_4_4_4_4,4.5_4.5_4.5_4.5_4.5
150,Disco_Time,_,Original,Disco,hd,130,M2U,Pfull,M2U,Tari,Pfull,127,DiscoTime,ORG,none,0,License,onair,_,3_4_11_99_99,1_4_11_99_99,3_7_11_99_99,1_7_11_99_99,0_0_0_50_50,0_0_0_50_50,0,3.5_3.5_3.5_3.5_3.5,4_4_4_4_4
151,ela(bajo_de_la_luna),_,Original,K_Pop,pp,126,lee_juno&lee_jinwook,lee_juno,lee_juno,none,lee_yoongjin,136,bajo,ORG,none,0,License,onair,_,2_6_8_99_99,1_6_8_99_99,2_7_9_99_99,1_7_9_99_99,0_0_0_50_50,0_0_0_50_50,0,4_4_4_4_4,4.5_4.5_4.5_4.5_4.5
152,Eros,_,Original,K_Pop,pp,102,林康绕,林康绕,林康绕,none,决沥拳,128,Eros,ORG,none,0,License,onair,_,2_5_10_99_99,1_5_10_99_99,2_6_10_99_99,1_6_10_99_99,0_0_0_50_50,0_0_0_50_50,0,4.5_4.5_4.5_4.5_4.5,5_5_5_5_5
153,Eternity,_,Original,K_Pop,pp,120,沥犁屈,沥犁屈,沥犁屈,none,决沥拳,110,ETERNITY,ORG,none,0,License,onair,_,2_5_9_99_99,1_5_9_99_99,2_5_9_99_99,1_5_9_99_99,0_0_0_50_50,0_0_0_50_50,0,4_4_4_4_4,4.5_4.5_4.5_4.5_4.5
154,FarEast_GlassField,_,Original,Trance,te,145,I．B．I．S,none,I．B．I．S,none,none,139,Far,ORG,none,0,License,onair,_,3_7_12_99_99,1_7_12_99_99,4_7_12_99_99,1_7_12_99_99,0_0_0_50_50,0_0_0_50_50,0,3.5_3.5_3.5_3.5_3.5,4_4_4_4_4
155,From,_,Original,Modern_Rock,pp,80,剧康绕,结聪,PBs,none,PBs,127,From,ORG,none,0,License,offair,_,1_4_7_99_99,1_4_7_99_99,2_5_7_99_99,1_5_7_99_99,0_0_0_50_50,0_0_0_50_50,0,5_5_5_5_5,5.5_5.5_5.5_5.5_5.5
156,Girls,_,Original,K_Pop,pp,123,Perry,弥癌盔,Perry,none,Lexy,119,girls,ORG,none,0,License,offair,_,2_5_8_99_99,1_5_8_99_99,2_5_8_99_99,1_5_8_99_99,0_0_0_50_50,0_0_0_50_50,0,4_4_4_4_4,4.5_4.5_4.5_4.5_4.5
157,Happy_Face,_,Original,K_Pop,pp,98,S．Murayama,BADA,S．Murayama,NONE,BADA,135,HAPPYFACE,ORG,none,0,License,onair,_,1_5_8_99_99,1_5_8_99_99,1_5_8_99_99,1_5_8_99_99,0_0_0_50_50,0_0_0_50_50,0,5_5_5_5_5,5.5_5.5_5.5_5.5_5.5
158,IM,_,Original,Modern_Rock,pp,165,剧康绕,结聪,PBs,Ayamy,PBs,118,IM,ORG,own,0,License,onair,_,2_5_9_11_99,1_5_9_11_99,3_6_10_13_99,1_6_10_11_99,0_0_0_50_50,0_0_0_50_50,0,3_3_3_3_3,3.5_3.5_3.5_3.5_3.5
159,Let_Me_Dance,_,Original,K_Dance,pp,110,轿捞欺,冠版柳,D．O,none,Lexy,127,LETMEDANCE,ORG,none,0,License,offair,_,2_5_9_99_99,1_5_9_99_99,3_6_10_99_99,1_6_10_99_99,0_0_0_50_50,0_0_0_50_50,0,4.5_4.5_4.5_4.5_4.5,5_5_5_5_5
160,Maybe,_,Original,Rock_Ballad,pp,75,冠傣沥,捞犁版,冠傣沥,Tari,Buzz,116,Maybe,ORG,own,0,License,onair,_,2_4_6_99_99,1_4_6_99_99,2_5_7_99_99,1_5_7_99_99,0_0_0_50_50,0_0_0_50_50,0,5_5_5_5_5,5.5_5.5_5.5_5.5_5.5
161,Merry_christmas_...,_,Original,R&B,cs,96,none,none,JJ_Groove,ECO,后,117,carol2,ORG,none,0,License,onair,_,1_5_7_8_99,1_5_7_20_99,2_6_8_9_99,1_6_8_20_99,0_0_0_50_50,0_0_0_50_50,0,5_5_5_5_5,5.5_5.5_5.5_5.5_5.5
162,MOTO,_,Original,K_Pop,pp,112,Kenzie,BoA&Kenzie,Kenzie,none,BoA,128,Moto,ORG,none,0,License,onair,_,2_5_10_99_99,1_5_10_99_99,3_6_10_99_99,1_6_10_99_99,0_0_0_50_50,0_0_0_50_50,0,4.5_4.5_4.5_4.5_4.5,5_5_5_5_5
163,MY_NAME,_,Original,Urban_Dance,pp,110,Kenzie,Kenzie,Kenzie,none,BoA,131,MYNAME,ORG,none,0,License,onair,_,2_5_9_99_99,1_5_9_99_99,2_5_9_99_99,1_5_9_99_99,0_0_0_50_50,0_0_0_50_50,0,4.5_4.5_4.5_4.5_4.5,5_5_5_5_5
164,Oh!,_,Original,K_Pop,pp,101,捞刮快,脚驱己&捞刮快,捞刮快,none,脚拳,128,Oh,ORG,none,0,License,onair,_,1_4_7_99_99,1_4_7_99_99,1_4_7_99_99,1_4_7_99_99,0_0_0_50_50,0_0_0_50_50,0,4.5_4.5_4.5_4.5_4.5,5_5_5_5_5
165,Pleeez,_,Original,R&B,pp,102,绊康券,绊康券/倾犁酋,绊康券,D,蜡柳,139,Pleez,ORG,none,0,License,onair,_,1_5_7_99_99,1_5_7_99_99,3_7_9_99_99,1_7_9_99_99,0_0_0_50_50,0_0_0_50_50,0,4.5_4.5_4.5_4.5_4.5,5_5_5_5_5
166,Rain,_,Original,electronic,te,130,Jeppet,Jeppet,Jeppet,ECO,Romantic_English_Man,117,RAIN,ORG,own,0,License,onair,_,3_7_11_99_99,1_7_11_99_99,3_8_11_99_99,1_8_11_99_99,0_0_0_50_50,0_0_0_50_50,0,3.5_3.5_3.5_3.5_3.5,4_4_4_4_4
167,Real_Life,_,Original,K_Pop,pp,100,绊康券,捞辣版,绊康券,NONE,BMK,131,Reallife,ORG,none,0,License,offair,_,2_5_8_99_99,1_5_8_99_99,2_5_8_99_99,1_5_8_99_99,0_0_0_50_50,0_0_0_50_50,0,4.5_4.5_4.5_4.5_4.5,5_5_5_5_5
168,Regret_of_snow,_,Original,Cyber_Euro_Dance,te,186,SHIKI,none,SHIKI,none,none,111,Regret,ORG,none,0,License,offair,_,3_6_12_99_99,1_6_12_99_99,3_7_12_99_99,1_7_12_99_99,0_0_0_50_50,0_0_0_50_50,0,2.5_2.5_2.5_2.5_2.5,3_3_3_3_3
169,Relax,_,Original,R&B,pp,96,mAd_sOuL_cHiLd,Eugene,炔蛮锐,none,Eugene,136,Relax,ORG,none,0,License,onair,_,1_5_7_99_99,1_5_7_99_99,3_6_8_99_99,1_6_8_99_99,0_0_0_50_50,0_0_0_50_50,0,5_5_5_5_5,5.5_5.5_5.5_5.5_5.5
170,Reload,_,Original,K_Pop,pp,105,篮瘤盔,篮瘤盔&TYFOON&JUVIE_TRAIN,篮瘤盔,none,篮瘤盔,123,Reload,ORG,none,0,License,onair,_,2_5_8_99_99,1_5_8_99_99,2_5_8_99_99,1_5_8_99_99,0_0_0_50_50,0_0_0_50_50,0,4.5_4.5_4.5_4.5_4.5,5_5_5_5_5
171,Rising_sun,_,Original,K_Pop,pp,125,蜡康柳,蜡康柳,蜡康柳,none,悼规脚扁,141,Risingsun,ORG,none,0,License,offair,_,2_5_9_99_99,1_5_9_99_99,2_6_9_99_99,1_6_9_99_99,0_0_0_50_50,0_0_0_50_50,0,4_4_4_4_4,4.5_4.5_4.5_4.5_4.5
172,Rudolf,_,Original,Bossa_Nova,cs,137,none,none,JJ_Groove,Eyehead,蜡柳,122,carol1,ORG,none,0,License,onair,_,2_4_7_99_99,1_4_7_99_99,2_4_7_99_99,1_4_7_99_99,0_0_0_50_50,0_0_0_50_50,0,3.5_3.5_3.5_3.5_3.5,4_4_4_4_4
173,Sakurakagetsu,_,Original,JP-SPIRITUAL_POP,te,138,AKITO,none,AKITO,Tari&Eter,none,130,Sakura,ORG,own,0,License,offair,_,3_6_8_99_99,1_6_8_99_99,3_7_8_99_99,1_7_8_99_99,0_0_0_50_50,0_0_0_50_50,0,3.5_3.5_3.5_3.5_3.5,4_4_4_4_4
174,Say_My_Love,_,Original,Drum_n_Bass,te,175,JJ_Groove,Pfull,JJ_Groove,D,Pfull,135,SayMyLove,ORG,none,0,License,onair,_,3_8_11_99_99,1_8_11_99_99,4_9_12_99_99,1_9_12_99_99,0_0_0_50_50,0_0_0_50_50,0,2.5_2.5_2.5_2.5_2.5,3_3_3_3_3
175,Scully_Doesn`t_Know,_,Original,K_Pop,pp,120,捞瘤赴,捞侩锐,捞瘤赴,NONE,shina-e,133,ScullyK,ORG,none,0,License,onair,_,2_4_6_99_99,1_3_3_99_99,2_4_8_99_99,1_3_3_99_99,0_0_0_50_50,0_0_0_50_50,0,4_4_4_4_4,4.5_4.5_4.5_4.5_4.5
176,STEPPING_OUT-STEP_REMIX-,_,Original,K_Pop,pp,130,辫己绕,辫己绕,辫己绕,NONE,Christina,136,Steppingout2,ORG,none,0,License,onair,_,2_9_99_99_99,1_9_99_99_99,2_9_99_99_99,1_9_99_99_99,0_0_0_50_50,0_0_0_50_50,0,3.5_3.5_3.5_3.5_3.5,4_4_4_4_4
177,Sweet,_,Original,K_Pop,pp,128,lee_juno&lee_jinwook,lee_juno,lee_juno,none,lee_yoongjin,126,Sweet,ORG,none,0,License,offair,_,2_5_9_10_99,1_5_9_5_99,2_6_10_10_99,1_6_10_5_99,0_0_0_50_50,0_0_0_50_50,0,4_4_4_4_4,4.5_4.5_4.5_4.5_4.5
178,Sweet_Love,_,Original,House,hd,140,M2U,Pfull,M2U,Ayamy,Pfull,130,SweetLove,ORG,none,0,License,offair,_,2_6_11_99_99,1_6_11_99_99,4_7_11_99_99,1_7_11_99_99,0_0_0_50_50,0_0_0_50_50,0,3.5_3.5_3.5_3.5_3.5,4_4_4_4_4
179,The_girl_is_mine(feat_Lisa),_,Original,K_Pop,pp,96,辫怕泅,救康刮,mordny,none,Fly_to_the_sky,136,Thegirl,ORG,none,0,License,offair,_,2_5_9_99_99,1_5_9_99_99,2_6_9_99_99,1_6_9_99_99,0_0_0_50_50,0_0_0_50_50,0,5_5_5_5_5,5.5_5.5_5.5_5.5_5.5
180,The_Tokyo,_,Original,Trance,te,143,I．B．I．S,none,I．B．I．S,none,none,122,Tokyo,ORG,none,0,License,onair,_,2_5_11_99_99,1_5_11_99_99,2_5_11_99_99,1_5_11_99_99,0_0_0_50_50,0_0_0_50_50,0,3.5_3.5_3.5_3.5_3.5,4_4_4_4_4
181,Together,_,Original,K_Dance,pp,144,高耀太,林康绕,林康绕,none,KOYOTE,129,Together,ORG,none,0,License,onair,_,3_7_10_99_99,1_7_10_99_99,4_8_11_99_99,1_8_11_99_99,0_0_0_50_50,0_0_0_50_50,0,3.5_3.5_3.5_3.5_3.5,4_4_4_4_4
182,Tri-Angle,_,Extended_Version,Rock,pp,90,东方神起,蜡康柳,蜡康柳,none,悼规脚扁,145,TRIANGLE,ORG,none,0,License,onair,_,2_5_8_11_99,1_5_8_15_99,2_5_8_11_99,1_5_8_15_99,0_0_0_50_50,0_0_0_50_50,0,5_5_5_5_5,5.5_5.5_5.5_5.5_5.5
183,Windy,_,Original,Garage_Dance,pp,120,倾犁酋,捞林泅,倾犁酋,Sonar,蜡柳,133,Windy,ORG,own,0,License,onair,_,2_5_10_99_99,1_5_10_99_99,3_6_10_99_99,1_6_10_99_99,0_0_0_50_50,0_0_0_50_50,0,4_4_4_4_4,4.5_4.5_4.5_4.5_4.5
184,Without_Your_Love,_,Original,Dance,pp,134,厘快酋,厘快酋,MAD_SOUL_CHILD_&_Tabias_Kegaelind,none,JTL,122,WithOutYourLove,ORG,none,0,License,onair,_,2_6_9_99_99,1_6_9_99_99,3_7_8_99_99,1_7_8_99_99,0_0_0_50_50,0_0_0_50_50,0,3.5_3.5_3.5_3.5_3.5,4_4_4_4_4
185,悲哀的祈祷_赢,_,Original,K_Pop,pp,103,何劝,何劝,何劝,none,何劝,140,Lnight2,ORG,none,0,License,offair,_,2_5_8_99_99,1_5_8_99_99,2_5_8_99_99,1_5_8_99_99,0_0_0_50_50,0_0_0_50_50,0,4.5_4.5_4.5_4.5_4.5,5_5_5_5_5
186,匕首,_,Original,Melodic_Core,pp,100,蜡己痹,蜡己痹,蜡己痹,none,蜡己痹,128,BISOO,ORG,none,0,License,offair,_,1_4_7_99_99,1_4_7_99_99,1_4_8_99_99,1_4_8_99_99,0_0_0_50_50,0_0_0_50_50,0,4.5_4.5_4.5_4.5_4.5,5_5_5_5_5
187,拨弦波尔卡,_,Original,Classic,cs,130,酱飘扼快胶,none,blueM,none,none,108,PIZZICATO,ORG,none,0,License,onair,_,4_7_10_99_99,1_7_10_99_99,3_8_9_99_99,1_8_9_99_99,0_0_0_50_50,0_0_0_50_50,0,3.5_3.5_3.5_3.5_3.5,4_4_4_4_4
188,春天之歌,_,Original,Classic,cs,145,MendelsSohn,none,blueM,none,none,107,Songofspring,ORG,none,0,License,offair,_,3_8_11_99_99,1_8_11_99_99,3_8_10_99_99,1_8_10_99_99,0_0_0_50_50,0_0_0_50_50,0,3.5_3.5_3.5_3.5_3.5,4_4_4_4_4
189,从现在起,_,Original,K_Dance,pp,148,高耀太,坷悼侥,沥柳荐,none,KOYOTE,142,FromNow,ORG,none,0,License,onair,_,2_6_9_99_99,1_6_9_99_99,3_6_9_99_99,1_6_9_99_99,0_0_0_50_50,0_0_0_50_50,0,3.5_3.5_3.5_3.5_3.5,4_4_4_4_4
190,电话号码,_,Original,HipHop,pp,88,TEDDY,TEDDY,TEDDY,none,瘤穿记,126,PHONE,ORG,none,0,License,offair,_,2_5_9_99_99,1_5_9_99_99,2_5_9_99_99,1_5_9_99_99,0_0_0_50_50,0_0_0_50_50,0,5_5_5_5_5,5.5_5.5_5.5_5.5_5.5
191,动物嘉年华,_,Original,Classic,cs,110,积惑胶,none,blueM,none,none,83,ANIMAL,ORG,none,0,License,onair,_,4_7_9_99_99,1_7_9_99_99,3_8_9_99_99,1_8_9_99_99,0_0_0_50_50,0_0_0_50_50,0,4.5_4.5_4.5_4.5_4.5,5_5_5_5_5
192,放弃,_,Original,K_Pop,pp,120,冠辟枚,MAYBEE,BRIAN_KIM,NONE,Tei,135,Dannyum,ORG,none,0,License,offair,_,2_6_7_99_99,1_6_7_99_99,2_6_7_99_99,1_6_7_99_99,0_0_0_50_50,0_0_0_50_50,0,4_4_4_4_4,4.5_4.5_4.5_4.5_4.5
193,疯狂(Crazy),_,Original,K_Pop,pp,93,炼康荐,救康刮,炼康荐,none,脚拳,130,Crazy2,ORG,none,0,License,onair,_,4_7_99_99_99,1_7_99_99_99,4_7_99_99_99,1_7_99_99_99,0_0_0_50_50,0_0_0_50_50,0,5_5_5_5_5,5.5_5.5_5.5_5.5_5.5
194,暴风雪山,_,Original,Garage_Dance,pp,138,炔技霖,炼篮锐,mAD_sOuL_cHiLd,NONE,蜡柳,129,STORM,ORG,none,0,License,onair,_,5_7_10_99_99,1_7_10_99_99,5_7_10_99_99,1_7_10_99_99,0_0_0_50_50,0_0_0_50_50,0,3.5_3.5_3.5_3.5_3.5,4_4_4_4_4
195,火花,_,Original,K_Dance,pp,142,高耀太,Toyohisa_Araki,none,none,KOYOTE,133,fire,ORG,none,0,License,onair,_,2_5_10_11_99,1_5_10_6_99,3_6_10_12_99,1_6_10_6_99,0_0_0_50_50,0_0_0_50_50,0,3.5_3.5_3.5_3.5_3.5,4_4_4_4_4
196,欢呼,_,Original,Funk,pp,100,蜡己痹,蜡己痹,蜡己痹,none,蜡己痹,128,BRAVO,ORG,none,0,License,offair,_,2_5_9_99_99,1_5_9_99_99,2_5_9_99_99,1_5_9_99_99,0_0_0_50_50,0_0_0_50_50,0,4.5_4.5_4.5_4.5_4.5,5_5_5_5_5
197,蝗虫,_,Original,HipHop,pp,109,Perry,psy,Perry,none,Lexy,123,IDIOT,ORG,none,0,License,onair,_,2_5_8_99_99,1_5_8_99_99,2_5_8_99_99,1_5_8_99_99,0_0_0_50_50,0_0_0_50_50,0,4.5_4.5_4.5_4.5_4.5,5_5_5_5_5
198,情感,_,Original,R&B,pp,101,TEDDY,Y．G．,TEDDY,none,seven,134,Passion,ORG,none,0,License,onair,_,2_4_7_99_99,1_4_7_99_99,3_5_8_99_99,1_5_8_99_99,0_0_0_50_50,0_0_0_50_50,0,4.5_4.5_4.5_4.5_4.5,5_5_5_5_5
199,筷子,_,Original,Classic,cs,160,Rielly,none,blueM,none,none,95,Chopmarch,ORG,none,0,License,offair,_,4_7_11_99_99,1_7_11_99_99,3_8_11_99_99,1_8_11_99_99,0_0_0_50_50,0_0_0_50_50,0,3_3_3_3_3,3.5_3.5_3.5_3.5_3.5
200,梦见,_,Original,K_Pop,pp,93,辣籍霖,none,辣籍霖,none,none,111,dreammeet,ORG,none,0,License,onair,_,2_4_7_99_99,1_4_7_99_99,2_4_7_99_99,1_4_7_99_99,0_0_0_50_50,0_0_0_50_50,0,5_5_5_5_5,5.5_5.5_5.5_5.5_5.5
201,慢慢地走,_,Original,K_Pop,pp,140,捞侩刮,捞侩刮,捞侩刮,none,KOYOTE,129,Slowwalk,ORG,none,0,License,offair,_,2_7_10_99_99,1_7_10_99_99,2_7_10_99_99,1_7_10_99_99,0_0_0_50_50,0_0_0_50_50,0,3.5_3.5_3.5_3.5_3.5,4_4_4_4_4
202,猫头鹰,_,Original,K_Pop,pp,94,捞力捞,BIZZY,捞力捞,none,篮瘤盔,122,owl,ORG,none,0,License,offair,_,2_4_8_99_99,1_4_8_99_99,2_5_8_99_99,1_5_8_99_99,0_0_0_50_50,0_0_0_50_50,0,5_5_5_5_5,5.5_5.5_5.5_5.5_5.5
203,妹妹的梦,_,Original,K_Pop,pp,130,Dan_Blan,全瘤蜡,none,none,泅康,140,Sister,ORG,none,0,License,offair,_,2_5_8_99_99,1_5_8_99_99,2_5_9_99_99,1_5_9_99_99,0_0_0_50_50,0_0_0_50_50,0,3.5_3.5_3.5_3.5_3.5,4_4_4_4_4
204,蜜蜂女王,_,Original,Classic,cs,142,Rimskii_Korsakov,none,blueM,none,none,114,QueenBee,ORG,none,0,License,onair,_,3_8_11_13_99,1_8_11_17_99,3_8_11_13_99,1_8_11_17_99,0_0_0_50_50,0_0_0_50_50,0,3.5_3.5_3.5_3.5_3.5,4_4_4_4_4
205,如果记忆,_,Original,K_Pop,pp,74,何劝,何劝,何劝,none,何劝,142,Chuok,ORG,none,0,License,offair,_,2_4_6_99_99,1_4_6_99_99,2_4_6_99_99,1_4_6_99_99,0_0_0_50_50,0_0_0_50_50,0,5_5_5_5_5,5.5_5.5_5.5_5.5_5.5
206,通过一个朋友_feat._Lyn,_,Original,R&B,pp,98,Moh_Denebi,Cho_eunhee,Moh_Denebi,none,SOL_FLOWER,122,FinalFriend,ORG,none,0,License,onair,_,2_6_8_99_99,1_6_8_99_99,3_6_8_99_99,1_6_8_99_99,0_0_0_50_50,0_0_0_50_50,0,5_5_5_5_5,5.5_5.5_5.5_5.5_5.5
207,纹身,_,Original,K_Pop,pp,66,辣铰券,YG,辣铰券,none,seven,128,Tattoo,ORG,none,0,License,offair,_,1_4_7_99_99,1_4_7_99_99,1_4_7_99_99,1_4_7_99_99,0_0_0_50_50,0_0_0_50_50,0,5_5_5_5_5,5.5_5.5_5.5_5.5_5.5
208,心悸(PIT-A-PAT),_,Original,K_Pop,pp,105,冠芒泅,冠芒泅,冠芒泅,none,BoA,136,Pitapat,ORG,none,0,License,offair,_,2_4_7_99_99,1_4_7_99_99,2_4_7_99_99,1_4_7_99_99,0_0_0_50_50,0_0_0_50_50,0,4.5_4.5_4.5_4.5_4.5,5_5_5_5_5
209,一个爱..,_,Original,Ballad,pp,65,炔技霖,炼篮锐,炔技霖,none,Tei,146,LOVEISONE,ORG,none,0,License,offair,_,1_3_6_99_99,1_3_6_99_99,1_3_6_99_99,1_3_6_99_99,0_0_0_50_50,0_0_0_50_50,0,5_5_5_5_5,5.5_5.5_5.5_5.5_5.5
210,游泳,_,Original,electronic,pp,105,Jeppet,Jeppet,Jeppet,none,ZU,109,YUYOUNG,ORG,own,0,License,offair,_,1_5_99_99_99,1_5_99_99_99,1_6_99_99_99,1_6_99_99_99,0_0_0_50_50,0_0_0_50_50,0,4.5_4.5_4.5_4.5_4.5,5_5_5_5_5
211,预感,_,Original,Modern_Rock,pp,124,剧康绕,结聪,PBs,none,PBs,116,Yegam,ORG,none,0,License,onair,_,1_5_9_10_99,1_5_9_3_99,2_6_9_11_99,1_6_9_3_99,0_0_0_50_50,0_0_0_50_50,0,4_4_4_4_4,4.5_4.5_4.5_4.5_4.5
212,HEXAD,_,Original,Electro_House,te,135,Electronic_Boutique,none,Electronic_Boutique,none,none,117,Hexad,ORG,none,0,Pentavision,onair,_,99_7_10_99_12,99_8_18_99_28,99_99_99_99_99,99_99_99_99_99,0_0_0_50_50,0_0_0_50_50,0,3.5_3.5_3.5_3.5_3.5,4_4_4_4_4
213,The_Prince_of_Darkness,_,Original,Trance,te,160,M2U,none,none,none,none,118,darkness,ORG,none,0,Pentavision,onair,_,99_99_13_99_99,99_99_25_99_99,99_99_99_99_99,99_99_99_99_99,0_0_0_50_50,0_0_0_50_50,0,3_3_3_3_3,3.5_3.5_3.5_3.5_3.5
214,Future,_,Original,DJ_Techno,te,146,Remix_Station,none,none,none,none,92,future,ORG,none,0,Pentavision,onair,_,99_6_11_99_99,99_1_12_99_99,99_99_99_99_99,99_99_99_99_99,0_0_0_50_50,0_0_0_50_50,0,3.5_3.5_3.5_3.5_3.5,4_4_4_4_4
215,Play_The_Future,_,Original,Electro_House,te,128,Urbatronic_Chopsticks,none,none,none,none,115,playthefuture,ORG,none,0,Pentavision,onair,_,99_7_11_99_99,99_1_15_99_99,99_99_99_99_99,99_99_99_99_99,0_0_0_50_50,0_0_0_50_50,0,4_4_4_4_4,4.5_4.5_4.5_4.5_4.5
216,Energy_Flower_3008,_,Original,Techno,te,133,r300k,none,none,none,none,126,flower,ORG,none,0,Pentavision,onair,_,99_7_12_99_99,99_1_8_99_99,99_99_99_99_99,99_99_99_99_99,0_0_0_50_50,0_0_0_50_50,0,3.5_3.5_3.5_3.5_3.5,4_4_4_4_4
217,Hyper_Magic,_,Original,Techno,te,170,Memme,none,none,none,none,130,hyper,ORG,none,0,Pentavision,onair,_,99_10_15_99_99,99_8_20_99_99,99_99_99_99_99,99_99_99_99_99,0_0_0_50_50,0_0_0_50_50,0,2.5_2.5_2.5_2.5_2.5,3_3_3_3_3
218,Back_of_Beyond,_,Original,Oriental_Ethnic_pop,pp,120,M2U,none,none,none,none,108,@beyond,ORG,none,0,Pentavision,onair,_,6_7_99_99_99,1_6_99_99_99,99_99_99_99_99,99_99_99_99_99,0_0_0_50_50,0_0_0_50_50,0,4_4_4_4_4,4.5_4.5_4.5_4.5_4.5
219,Blackbird,_,Original,Big_Beat,pp,116,M2U,none,none,none,none,114,@blackbird,ORG,none,0,Pentavision,onair,_,4_6_11_99_99,1_6_15_99_99,99_99_99_99_99,99_99_99_99_99,0_0_0_50_50,0_0_0_50_50,0,4_4_4_4_4,4.5_4.5_4.5_4.5_4.5
220,Gray_Street,_,Original,ACID_HOUSE,pp,135,M2U,none,none,none,none,135,@gray,ORG,none,0,Pentavision,onair,_,99_9_10_10_99,99_6_99_21_99,99_99_99_99_99,99_99_99_99_99,0_0_0_50_50,0_0_0_50_50,0,3.5_3.5_3.5_3.5_3.5,4_4_4_4_4
221,Gray_Hunter,_,Original,2_STEP,pp,125,M2U,none,none,none,none,130,@hunter,ORG,none,0,Pentavision,onair,_,99_8_10_99_99,99_6_20_99_99,99_99_99_99_99,99_99_99_99_99,0_0_0_50_50,0_0_0_50_50,0,4_4_4_4_4,4.5_4.5_4.5_4.5_4.5
222,Paradise,_,Original,ChipTune_House,pp,128,M2U,none,none,none,none,103,@paradise,ORG,none,0,Pentavision,onair,_,99_5_99_8_99,99_6_99_18_99,99_99_99_99_99,99_99_99_99_99,0_0_0_50_50,0_0_0_50_50,0,4_4_4_4_4,4.5_4.5_4.5_4.5_4.5
223,天地开闢,_,Original,Oriental_Music,pp,150,M2U,none,none,none,none,128,@samul,ORG,none,0,Pentavision,onair,_,6_8_9_99_99,1_6_18_99_99,99_99_99_99_99,99_99_99_99_99,0_0_0_50_50,0_0_0_50_50,0,3_3_3_3_3,3.5_3.5_3.5_3.5_3.5
224,Shot_Time,_,Original,ACID_HOUSE,pp,128,M2U,none,none,none,none,112,@shottime,ORG,none,0,Pentavision,onair,_,99_5_8_99_99,99_6_18_99_99,99_99_99_99_99,99_99_99_99_99,0_0_0_50_50,0_0_0_50_50,0,4_4_4_4_4,4.5_4.5_4.5_4.5_4.5
225,Space_Destiny,_,Original,Trance_Pop,pp,170,M2U,none,none,none,none,119,@space,ORG,none,0,Pentavision,onair,_,7_8_9_99_99,1_6_20_99_99,99_99_99_99_99,99_99_99_99_99,0_0_0_50_50,0_0_0_50_50,0,2.5_2.5_2.5_2.5_2.5,3_3_3_3_3
226,Toy_War,_,Original,FUTION,pp,160,M2U,none,none,none,none,117,@toy,ORG,none,0,Pentavision,onair,_,5_8_11_11_99,1_6_99_18_99,99_99_99_99_99,99_99_99_99_99,0_0_0_50_50,0_0_0_50_50,0,3_3_3_3_3,3.5_3.5_3.5_3.5_3.5
227,White_Rose,_,Original,ACID_JAZZ,pp,128,M2U,none,none,none,none,119,@white,ORG,none,0,Pentavision,onair,_,5_9_11_99_99,1_6_20_99_99,99_99_99_99_99,99_99_99_99_99,0_0_0_50_50,0_0_0_50_50,0,4_4_4_4_4,4.5_4.5_4.5_4.5_4.5
228,First_Choice,_,Original,Trance,te,150,M2U,none,none,none,none,78,@first,ORG,none,0,Pentavision,onair,_,99_99_9_10_99,99_99_12_15_99,99_99_10_99_99,99_99_99_99_99,0_0_0_50_50,0_0_0_50_50,0,3_3_3_3_3,3.5_3.5_3.5_3.5_3.5
229,Second_Choice,_,Original,Trance,te,150,M2U,none,none,none,none,113,@second,ORG,none,0,Pentavision,offair,_,3_6_9_11_99,1_6_8_9_99,99_99_99_99_99,99_99_99_99_99,0_0_0_50_50,0_0_0_50_50,0,3_3_3_3_3,3.5_3.5_3.5_3.5_3.5
230,Southwest_Cadillac,_,Original,HIPHOP,pp,95,Jeon_Jun-kyu,none,none,none,none,110,@cadillac,ORG,none,0,Pentavision,onair,_,99_5_8_99_99,99_2_12_99_99,99_99_99_99_99,99_99_99_99_99,0_0_0_50_50,0_0_0_50_50,0,5_5_5_5_5,5.5_5.5_5.5_5.5_5.5
231,Stay,_,Original,House_POP,pp,125,Mario_Bolden,none,none,none,none,108,@stay,ORG,none,0,Pentavision,onair,_,4_7_9_12_99,1_5_10_99_99,99_99_99_13_99,99_99_99_99_99,0_0_0_50_50,0_0_0_50_50,0,4_4_4_4_4,4.5_4.5_4.5_4.5_4.5
232,The_Rhythm,_,Original,House,pp,135,Croove,none,none,none,none,112,@therhythm,ORG,none,0,Pentavision,onair,_,3_6_9_11_99,1_6_11_18_99,99_99_99_99_99,99_99_99_99_99,0_0_0_50_50,0_0_0_50_50,0,3.5_3.5_3.5_3.5_3.5,4_4_4_4_4
233,Aquaris,_,Original,Trance_Fusion,te,140,Croove,none,none,none,none,125,@Aquaris,ORG,none,0,Pentavision,onair,_,3_7_9_10_99,1_8_12_15_99,99_99_99_99_99,99_99_99_99_99,0_0_0_80_80,0_0_0_50_50,0,3.5_3.5_3.5_3.5_3.5,4_4_4_4_4
234,Combination,_,Original,NJ_POP,pp,115,Kim_Zin-kwon,none,none,none,none,84,@Combination,ORG,none,0,Pentavision,onair,_,1_4_7_8_99,1_5_9_12_99,99_99_99_99_99,99_99_99_99_99,0_0_0_50_50,0_0_0_50_50,0,4_4_4_4_4,4.5_4.5_4.5_4.5_4.5
235,Lie_Lie,_,Original,House_POP,pp,125,ANDY_LEE,none,none,none,none,96,@Lielie,ORG,none,0,Pentavision,onair,_,3_6_9_99_99,1_7_11_99_99,99_99_99_99_99,99_99_99_99_99,0_0_0_50_50,0_0_0_50_50,0,4_4_4_4_4,4.5_4.5_4.5_4.5_4.5
236,Minus1_~Space_Mix~,_,Original,Techno_Trance,te,140,Croove,none,none,none,none,98,@Minus1rm,ORG,none,0,Pentavision,onair,_,4_9_10_11_99,1_11_15_18_99,99_99_99_99_99,99_99_99_99_99,0_0_0_50_50,0_0_0_50_50,0,3.5_3.5_3.5_3.5_3.5,4_4_4_4_4
237,Panic_Strike,_,Original,Space_DnB,pp,160,Forte_Escape,none,none,none,none,114,@Panic,ORG,none,0,Pentavision,onair,_,4_8_11_14_99,1_10_16_21_99,99_99_99_99_99,99_99_99_99_99,0_0_0_100_150,0_0_0_50_50,0,3_3_3_3_3,3.5_3.5_3.5_3.5_3.5
238,You_were_the_one,_,Original,NONE,pp,110,Kim_Min,none,none,none,none,94,@Youwere,ORG,none,0,Pentavision,onair,_,3_6_9_10_99,1_6_10_13_99,99_99_99_99_99,99_99_99_99_99,0_0_0_50_50,0_0_0_50_50,0,4.5_4.5_4.5_4.5_4.5,5_5_5_5_5
239,Sinus,_,Original,Piano_Etuden,pp,124,Yak_won,none,none,none,none,116,@sinus,ORG,none,0,Pentavision,onair,_,99_9_13_99_99,99_12_17_99_99,99_99_14_99_99,99_99_18_99_99,0_0_0_50_50,0_0_0_50_50,0,4_4_4_4_4,4.5_4.5_4.5_4.5_4.5
240,Envy_Mask,_,Original,NONE,pp,118,Creatune,none,none,none,none,108,@Envy,ORG,none,0,Pentavision,onair,_,2_6_9_11_99,1_6_10_14_99,99_99_99_99_99,99_99_99_99_99,0_0_0_80_80,0_0_0_50_50,0,4_4_4_4_4,4.5_4.5_4.5_4.5_4.5
241,I_Want_You,_,Original,Piano_Etuden,pp,140,Lin-G,none,none,none,none,110,@iwantyou,ORG,none,0,Pentavision,onair,_,99_7_9_11_99,99_8_10_15_99,99_99_99_99_99,99_99_99_99_99,0_0_0_50_50,0_0_0_50_50,0,3.5_3.5_3.5_3.5_3.5,4_4_4_4_4
242,Stay_(TAK_Remix),_,Original,House_POP,pp,125,Mario_Bolden,none,none,none,none,133,@stay,RM1,none,0,Pentavision,onair,_,99_99_99_12_99,99_99_99_30_99,99_99_99_13_99,99_99_99_30_99,0_0_0_50_50,0_0_0_50_50,0,4_4_4_4_4,4.5_4.5_4.5_4.5_4.5
243,For_3_Weeks,_,Original,Walk_dance_pop,pp,117,Lee_so_eum,none,none,none,none,100,@3week,ORG,none,0,Pentavision,onair,_,2_5_7_99_99,1_5_6_99_99,99_99_99_99_99,99_99_99_99_99,0_0_0_50_50,0_0_0_50_50,0,4_4_4_4_4,4.5_4.5_4.5_4.5_4.5
244,Legend_of_Moonlight,_,Original,Melodic_Trance,te,160,Memme,none,none,none,none,125,@lom,ORG,none,0,Pentavision,onair,_,3_7_10_13_99,3_10_12_15_99,99_99_99_99_99,99_99_99_99_99,0_0_0_80_80,0_0_0_180_150,0,3_3_3_3_3,3.5_3.5_3.5_3.5_3.5
245,Son_of_Sun_(Full),_,Original,GABBA,pp,200,Hosoe_Shinji,none,none,none,none,192,@sosfull,ORG,none,0,Pentavision,onair,_,99_99_99_13_99,99_99_99_28_99,99_99_99_14_99,99_99_99_28_99,0_0_0_200_150,0_0_0_200_150,0,2_2_2_2_2,2.5_2.5_2.5_2.5_2.5
246,Exist,_,Original,gang_hip,pp,114,Mario_Bolden,none,none,none,none,95,@exist,ORG,none,0,Pentavision,onair,_,2_5_10_11_99,1_6_8_15_99,99_99_99_99_99,99_99_99_99_99,0_0_0_50_50,0_0_0_100_150,0,4.5_4.5_4.5_4.5_4.5,5_5_5_5_5
247,Freedom,_,Original,Cool_Funk,pp,93,Ruby_Tuesday,none,none,none,none,99,@Freedom,ORG,none,0,Pentavision,onair,_,3_6_10_10_99,99_5_8_10_99,99_99_99_99_99,99_99_99_99_99,0_0_0_50_50,0_0_0_100_150,0,5_5_5_5_5,5.5_5.5_5.5_5.5_5.5
248,Showdown,_,Original,Hard_Rock,pp,130,ANDY_LEE,none,none,none,none,87,@Showdown,ORG,none,0,Pentavision,onair,_,99_8_11_13_99,99_10_14_18_99,99_99_99_99_99,99_99_99_99_99,0_0_0_50_50,0_0_0_120_150,0,3.5_3.5_3.5_3.5_3.5,4_4_4_4_4
249,_20000000000_,_,Original,JUNKNO,pp,174,Croove,none,none,none,none,105,@200e,ORG,none,0,Pentavision,onair,_,6_8_11_99_13,5_8_15_99_20,99_99_99_99_99,99_99_99_99_99,0_0_0_80_100,0_0_0_120_150,0,2.5_2.5_2.5_2.5_2.5,3_3_3_3_3
250,Blue,_,Original,Acid_Hiphop,pp,153,xxdbxx,none,none,none,none,109,@Blue,ORG,none,0,Pentavision,onair,_,4_7_10_99_99,2_5_8_99_99,99_99_99_99_99,99_99_99_99_99,0_0_0_50_50,0_0_0_100_150,0,3_3_3_3_3,3.5_3.5_3.5_3.5_3.5
251,Q_Factor,_,Original,Electronica,pp,130,Forte_Escape,none,none,none,none,90,@QFactor,ORG,none,0,Pentavision,onair,_,99_6_9_13_99,99_5_10_18_99,99_99_99_99_99,99_99_99_99_99,0_0_0_80_80,0_0_0_100_150,0,3.5_3.5_3.5_3.5_3.5,4_4_4_4_4
252,First_Kiss,_,Original,Dance_POP,pp,107,BJJ,none,none,none,none,107,@Firstkiss,ORG,none,0,Pentavision,onair,_,99_5_9_99_99,99_1_5_99_99,99_99_99_99_99,99_99_99_99_99,0_0_0_50_50,0_0_0_100_150,0,4.5_4.5_4.5_4.5_4.5,5_5_5_5_5
253,Y,_,Original,Acid_House,pp,130,ND_Lee,none,none,none,none,104,@Y,ORG,none,0,Pentavision,onair,_,99_5_9_11_99,99_4_9_15_99,99_99_99_99_99,99_99_99_99_99,0_0_0_80_80,0_0_0_100_150,0,3.5_3.5_3.5_3.5_3.5,4_4_4_4_4
254,RDM,_,Original,Soft_Acid_POP,pp,110,Andy_Lee,none,none,none,none,88,@rdm,ORG,none,0,Pentavision,onair,_,2_5_7_9_99,1_4_5_6_99,99_99_99_99_99,99_99_99_99_99,0_0_0_50_50,0_0_0_100_150,0,4.5_4.5_4.5_4.5_4.5,5_5_5_5_5
255,Round_3,_,Original,Hard_Trance,tr,155,r300k,none,none,none,none,129,@round3,ORG,none,0,Pentavision,onair,_,7_9_11_14_99,5_12_15_22_99,99_99_99_99_99,99_99_99_99_99,0_0_0_80_80,0_0_0_180_150,0,3_3_3_3_3,3.5_3.5_3.5_3.5_3.5
256,Catch_the_Flow,_,Original,Acid_Jazz,pp,97,Creatune,none,none,none,none,98,@catchtheflow,ORG,none,0,Pentavision,onair,_,1_4_7_8_99,1_2_4_8_99,99_99_99_99_99,99_99_99_99_99,0_0_0_50_50,0_0_0_80_150,0,5_5_5_5_5,5.5_5.5_5.5_5.5_5.5
257,We_Luv_Music,_,Original,Big_House,pp,139,Junkyu_Jyun,none,none,none,none,93,@weluvmusic,ORG,none,0,Pentavision,onair,_,3_6_9_10_99,1_5_8_12_99,99_99_99_99_99,99_99_99_99_99,0_0_0_60_60,0_0_0_120_150,0,3.5_3.5_3.5_3.5_3.5,4_4_4_4_4
258,Climax,_,Original,Hard_Core,pp,140,ND_Lee,none,none,none,none,115,@climax,ORG,none,0,Pentavision,onair,_,3_7_10_12_99,2_6_9_15_99,99_99_99_99_99,99_99_99_99_99,0_0_0_50_50,0_0_0_50_50,0,3.5_3.5_3.5_3.5_3.5,4_4_4_4_4
259,Lucid,_,Original,d.n_concerto,pp,175,Yak_won,none,none,none,none,117,@lucid,ORG,none,0,Pentavision,onair,_,5_9_11_14_99,8_12_14_20_99,99_99_99_99_99,99_99_99_99_99,0_0_0_80_80,0_0_0_180_150,0,2.5_2.5_2.5_2.5_2.5,3_3_3_3_3
260,Ladymade_Star,_,Original,Space_Idol_POP,tr,136,ESTi,none,none,none,none,127,@ladymade,ORG,own,0,Pentavision,onair,_,99_7_9_99_99,99_5_8_99_99,99_99_99_99_99,99_99_99_99_99,0_0_0_60_60,0_0_0_180_150,0,3.5_3.5_3.5_3.5_3.5,4_4_4_4_4
261,Syriana,_,Original,Orban_Funk,pp,135,Bexter,none,none,none,none,128,@syriana,ORG,own,0,Pentavision,onair,_,99_7_11_99_99,99_10_18_99_99,99_99_99_99_99,99_99_99_99_99,0_0_0_80_80,0_0_0_120_150,0,3.5_3.5_3.5_3.5_3.5,4_4_4_4_4
262,幽灵(Ghost),_,Original,Fution_Hiphop,pp,125,STi,none,none,none,none,123,@ghost,ORG,none,0,Pentavision,onair,_,3_6_9_99_99,2_6_9_99_99,99_99_99_99_99,99_99_99_99_99,0_0_0_50_50,0_0_0_50_50,0,4_4_4_4_4,4.5_4.5_4.5_4.5_4.5
263,Super_Sonic,_,Remix,Nu_Disco,pp,130,MR.Funky,none,none,none,none,102,@supersonicrmx,ORG,none,0,Pentavision,onair,_,3_7_10_99_99,5_9_16_99_99,99_99_99_99_99,99_99_99_99_99,0_0_0_60_60,0_0_0_180_150,0,3.5_3.5_3.5_3.5_3.5,4_4_4_4_4
264,Kungfu_Rider,_,Original,Oriental_Funk,pp,136,r300k,none,none,none,none,106,@kungfu,ORG,none,0,Pentavision,onair,_,3_7_10_99_99,2_6_8_99_99,99_99_99_99_99,99_99_99_99_99,0_0_0_60_60,0_0_0_180_150,0,3.5_3.5_3.5_3.5_3.5,4_4_4_4_4
265,Night_Madness,_,Original,Crossover_Techno,te,160,JoyRock,none,none,none,none,93,@night,ORG,none,0,Pentavision,onair,_,5_8_10_12_99,2_6_8_12_99,99_99_99_99_99,99_99_99_99_99,0_0_0_60_60,0_0_0_180_150,0,3_3_3_3_3,3.5_3.5_3.5_3.5_3.5
266,万事开头难,_,Original,Chip_Tune,pp,140,015B,none,none,none,none,112,@cheoum,ORG,none,0,Pentavision,onair,_,99_5_8_99_99,99_1_5_99_99,99_99_99_99_99,99_99_99_99_99,0_0_0_60_60,0_0_0_180_150,0,3.5_3.5_3.5_3.5_3.5,4_4_4_4_4
267,Love_Mode,_,Original,Electronica,pp,120,Clazziquai,none,none,none,none,104,@lovemode,ORG,none,0,Pentavision,onair,_,99_6_9_99_99,99_3_7_99_99,99_99_99_99_99,99_99_99_99_99,0_0_0_60_60,0_0_0_180_150,0,4_4_4_4_4,4.5_4.5_4.5_4.5_4.5
268,Memoirs,_,Original,Ethnic_Pop,pp,140,M2U,none,none,none,none,142,@memoirs,ORG,own,0,Pentavision,onair,_,99_7_9_99_99,99_1_5_99_99,99_99_99_99_99,99_99_99_99_99,0_0_0_50_50,0_0_0_50_50,0,3.5_3.5_3.5_3.5_3.5,4_4_4_4_4
269,Stranger,_,Original,Unknown,pp,130,LHOU,none,none,none,none,127,@stranger,ORG,none,0,Pentavision,onair,_,99_8_10_99_99,99_3_7_99_99,99_99_99_99_99,99_99_99_99_99,0_0_0_50_50,0_0_0_50_50,0,3.5_3.5_3.5_3.5_3.5,4_4_4_4_4
270,Hamsin,_,Original,Trance,te,150,Makou,none,none,none,none,139,@hamsin,ORG,own,0,Pentavision,onair,_,99_8_10_13_99,99_10_12_20_99,99_99_99_99_99,99_99_99_99_99,0_0_0_180_180,0_0_0_180_180,0,3_3_3_3_3,3.5_3.5_3.5_3.5_3.5
271,La_grand_Bleu,_,Original,Trance,te,165,KIEN,none,none,none,none,122,@LaGrand,ORG,none,0,Pentavision,onair,_,6_8_11_99_14,3_5_10_99_20,99_99_99_99_99,99_99_99_99_99,0_0_0_200_200,0_0_0_200_200,0,3_3_3_3_3,3.5_3.5_3.5_3.5_3.5
272,NB_Rangers:_Returns,_,Original,Progressive_Metal,te,145,NieN,none,none,none,none,135,nbranger2,ORG,own,0,Pentavision,onair,_,99_8_12_99_99,99_5_15_99_99,99_99_99_99_99,99_99_99_99_99,0_0_0_180_180,0_0_0_180_180,0,3.5_3.5_3.5_3.5_3.5,4_4_4_4_4
273,OUT_OF_THE_BLUE,_,Original,Trance,te,170,yak_won,none,none,none,none,146,@ootb,ORG,none,0,Pentavision,onair,_,99_8_12_99_99,99_5_12_99_99,99_99_99_99_99,99_99_99_99_99,0_0_0_200_200,0_0_0_200_200,0,2.5_2.5_2.5_2.5_2.5,3_3_3_3_3
274,Oblivion(Rockin`_Night_Style),_,Original,Rock,pp,141,ESTi,none,none,none,none,118,oblivion1,ORG,own,0,Pentavision,onair,_,99_7_11_99_99,99_4_8_99_99,99_99_99_99_99,99_99_99_99_99,0_0_0_180_180,0_0_0_180_180,0,3.5_3.5_3.5_3.5_3.5,4_4_4_4_4
275,FATE,_,Original,Fution_HIP-HOP,pp,110,STi,none,none,none,none,103,@fate,ORG,none,0,Pentavision,onair,_,99_6_9_99_99,99_3_8_99_99,99_99_99_99_99,99_99_99_99_99,0_0_0_200_200,0_0_0_200_200,0,4.5_4.5_4.5_4.5_4.5,5_5_5_5_5
276,Tempus_Praeterita,_,Original,Anthem_Trance,te,145,Ira,none,none,none,none,119,@tempus,ORG,none,0,Pentavision,onair,_,99_6_10_99_99,99_4_8_99_99,99_99_99_99_99,99_99_99_99_99,0_0_0_180_180,0_0_0_180_180,0,3.5_3.5_3.5_3.5_3.5,4_4_4_4_4
277,Xeus,_,Original,Fution_HIP-HOP,te,148,Xeon,none,none,none,none,132,@xeus,ORG,none,0,Pentavision,onair,_,3_7_10_13_99,2_8_12_25_99,99_99_99_99_99,99_99_99_99_99,0_0_0_200_200,0_0_0_200_200,0,3.5_3.5_3.5_3.5_3.5,4_4_4_4_4
278,風にお願い(Japanese_Version),_,Original,R&B_Fantasy,hr,108,Forte_Escape,Forte_Escape,Forte_Escape,Tako_Ashin,Miya,108,baramjp,ORG,own,0,Pentavision,onair,_,2_3_6_7_99,1_1_1_3_99,2_6_99_8_99,1_6_99_3_99,0_0_0_50_50,0_0_0_50_50,0,4.5_4.5_4.5_4.5_4.5,5_5_5_5_5
279,JASCO!!,_,Original,J-Pop,pp,124,JACK,none,JACK,none,JACK,129,jasco,ORG,none,0,License,onair,_,2_5_9_99_99,1_5_9_99_99,2_5_9_99_99,1_5_9_99_99,0_0_0_50_50,0_0_0_50_50,0,4_4_4_4_4,4.5_4.5_4.5_4.5_4.5
280,ふたり,_,Original,J-Pop,pp,152,Heartsgrow,none,Heartsgrow,none,Heartsgrow,134,heartgrow,ORG,none,0,License,onair,_,2_5_9_99_99,1_5_9_99_99,1_5_9_99_99,1_5_9_99_99,0_0_0_50_50,0_0_0_50_50,0,3_3_3_3_3,3.5_3.5_3.5_3.5_3.5
281,パンプロック,_,Original,J-Pop,pp,126,Pumpkin_Head,none,Pumpkin_Head,none,Pumpkin_Head,111,pump,ORG,none,0,License,onair,_,5_7_9_99_99,1_8_10_99_99,4_8_10_99_99,1_8_10_99_99,0_0_0_50_50,0_0_0_50_50,0,4_4_4_4_4,4.5_4.5_4.5_4.5_4.5
